Name,Sales,Age,Region
LA,93114,89,North
FN,73736,36,North
GG,64065,70,West
LQ,71329,20,West
PM,59247,45,North
EM,2747,56,South
HM,54762,71,South
OA,35259,96,North
GC,82932,72,West
GL,47266,14,South
MM,31121,89,North
ID,64688,72,North
FO,6517,55,South
LI,51476,63,North
BK,33724,50,North
QM,4014,94,West
MA,68811,75,South
EE,82925,34,West
HQ,51277,95,North
MF,44028,83,West
DE,82096,93,North
FH,61945,68,West
MC,74877,32,West
AG,38354,83,North
EF,20457,50,North
CO,92798,29,West
JB,4338,32,South
FN,20686,99,West
LQ,66266,21,South
JO,67665,74,West
JP,46056,28,North
PF,879,49,South
NN,75522,95,West
IH,89690,94,South
DN,61145,74,North
QK,98740,81,South
PG,71422,55,South
FB,57091,54,South
FH,81334,28,North
BJ,61200,45,West
NB,3746,90,South
NC,89375,52,South
OL,28303,45,West
KP,15780,69,North
HI,58856,74,South
OP,28050,43,North
LB,94455,18,South
LM,27773,32,South
NC,56050,61,North
CB,34299,16,North
LG,49840,79,South
OF,51552,10,South
HQ,73240,47,North
LB,22392,61,South
AK,33081,24,West
PF,72119,26,North
CF,8668,40,North
FF,58918,100,North
NC,28696,83,North
BA,43111,20,North
PM,52705,91,West
DM,51945,41,South
QG,35957,71,South
PA,12043,27,North
NA,65924,94,South
BE,13021,40,West
OK,73255,18,West
AP,41023,73,West
AG,48540,25,West
IE,56552,14,North
EK,65600,77,South
NN,55496,83,North
AB,23875,43,South
PI,72881,63,West
MD,29184,81,South
AJ,62954,69,South
GN,17308,94,West
KD,20642,90,North
JI,46124,48,North
DM,73974,28,West
NK,36191,83,South
ND,24284,25,West
IO,66637,40,North
DE,8779,54,North
JI,81781,94,West
GC,75698,33,West
CF,12545,29,North
BL,70819,10,West
CH,97114,20,West
KO,56431,70,South
GB,21242,89,South
BH,38744,35,North
JB,32343,81,North
BH,11399,14,South
FD,92028,85,South
QB,79697,14,North
PN,11289,74,South
AH,28576,15,South
NF,29280,61,South
FE,19475,82,North
KB,84775,53,North
GG,64177,61,South
PE,19936,73,West
DK,58303,89,West
KF,21182,54,West
OG,87916,87,South
KD,40880,40,South
MP,61506,30,South
ON,45344,13,South
OE,83686,65,South
BH,70983,55,South
KE,78480,89,North
FO,52730,67,South
HA,95171,70,South
GF,33508,14,North
FE,65414,51,South
LL,4813,16,South
JE,70142,61,South
JN,99700,61,West
EF,56995,23,North
NA,96913,50,West
HH,26124,78,West
LG,66032,24,South
JJ,24972,43,South
JC,67258,60,South
GL,83506,46,North
JQ,32370,96,North
PE,88444,81,North
EK,47251,27,South
IA,71969,47,North
FK,7437,54,South
EA,49817,38,South
HK,26399,68,West
HB,58140,21,South
PE,94395,53,North
EI,99291,23,North
FJ,28331,47,West
MF,62335,97,South
HD,46096,100,South
MA,40679,95,North
DO,63662,51,West
LP,39073,16,West
LL,56206,80,North
JM,21106,96,West
MG,35330,74,South
MK,89488,17,North
KN,83830,41,West
OB,92785,29,West
NE,738,47,North
IF,25384,62,West
QD,57434,72,South
JF,148,77,South
JM,84513,69,West
OE,34166,42,South
GC,55354,61,South
QJ,28149,67,North
NM,36156,40,West
LN,37210,58,West
NC,7157,25,South
QP,97527,55,North
KP,73415,24,West
BP,50569,71,South
AA,75651,32,West
KE,90110,97,South
KC,14381,52,North
EN,40492,96,South
NL,55333,60,West
DF,10597,95,West
KA,37699,92,South
JM,61298,81,North
CF,5400,83,West
BF,27068,19,South
IB,31587,46,North
EI,57988,82,South
QQ,95419,33,North
NK,89468,69,North
DB,50604,76,North
KF,24319,63,West
AF,66015,18,North
LJ,6983,15,South
OI,94594,25,West
AE,27534,25,South
KO,62237,68,North
HH,81402,69,South
DB,75203,31,West
EO,44801,34,North
HM,32366,16,South
LK,78163,39,North
PF,15661,31,North
AD,4387,62,North
MJ,46945,17,South
AK,86780,84,South
HG,77849,53,West
CP,86939,46,North
FI,42564,100,South
JN,9220,39,West
DO,92169,84,North
LA,20740,91,West
LN,53069,80,South
GG,58652,60,North
FA,88448,47,West
BO,16358,58,West
QC,15802,18,West
GO,62741,61,South
IG,59717,82,West
BB,28075,38,North
CA,85814,25,West
BD,94463,50,South
GD,69111,82,South
JE,85809,28,West
OQ,58033,39,North
DL,50883,100,South
GJ,61848,54,North
CH,6159,69,West
EB,41721,14,West
JK,71302,61,North
FQ,24686,66,South
FA,23416,20,West
QE,4467,98,North
PQ,24597,57,North
CP,83723,35,South
HF,99972,50,South
IQ,40028,15,West
AK,35180,93,South
DN,27564,53,South
FM,25289,71,North
HH,31735,89,North
KC,94155,11,South
CL,888,45,North
QL,43375,77,South
HQ,44364,48,North
PG,89534,100,West
ND,49964,33,North
PP,35082,86,West
BA,26178,79,West
NG,15123,87,West
CJ,78784,74,North
BK,13203,16,West
AI,81655,43,North
HE,42692,62,West
IO,16274,76,West
FG,6791,34,North
PH,77988,15,South
HP,38660,47,North
GM,23693,45,South
KG,33088,38,South
AI,14541,76,North
OK,45069,27,West
IH,17677,51,West
LG,17661,92,North
BH,27368,48,West
KD,61796,55,South
BM,65958,22,North
EB,15305,89,North
FO,43030,50,North
KH,45197,75,South
PI,20805,71,West
KL,10578,88,West
CN,2272,43,North
JL,61887,62,North
FQ,23101,47,West
EI,33595,52,South
IB,58889,51,West
OF,87918,76,South
KP,81424,38,West
CN,1684,96,West
PI,35090,25,West
NN,19674,86,West
DP,2810,55,South
PC,43291,77,North
JK,42814,37,South
GO,13255,71,West
KK,12376,21,South
AH,47791,92,West
IL,87366,39,West
GQ,93894,85,South
CA,34445,59,North
IJ,12091,45,North
GB,60750,18,West
LK,1320,12,North
GH,25979,85,South
QA,82967,10,North
CI,8050,18,South
EP,48574,96,West
AQ,76230,19,West
KK,95549,67,North
PQ,52106,22,West
PB,22551,31,West
PG,6113,36,South
MD,98444,25,South
AH,46753,93,North
NO,90999,84,West
GK,74758,87,West
QD,63481,50,North
KM,52035,90,South
ME,34604,70,South
EJ,66022,26,South
BA,78972,46,West
MG,42695,20,West
PM,79284,41,South
GA,12347,40,North
EG,28183,22,West
QF,11112,80,West
LH,72155,31,West
QC,77769,94,South
DL,8811,56,North
EF,14069,55,West
PJ,65029,13,South
FN,75068,74,North
PP,49358,14,North
DM,6893,84,North
KI,29807,75,South
QC,31079,59,West
AE,93085,89,North
CL,43450,50,North
JH,13278,60,North
JH,1009,39,North
AA,3384,36,North
FN,42314,48,North
IC,26474,83,West
EO,13067,71,West
BH,58583,22,West
EL,54348,15,South
AB,25514,94,West
BD,47465,74,North
NB,42747,63,South
JD,58728,69,North
PK,69477,46,South
ME,95487,95,South
LB,74363,21,South
BK,57006,75,South
DM,83953,64,North
AB,43208,12,West
OQ,71352,87,North
DP,71055,98,South
QG,70634,98,West
BA,79818,47,North
KM,28614,76,South
IP,83580,47,North
EG,10991,59,West
JJ,32671,80,West
LD,41816,99,North
OL,80674,54,South
BF,92229,84,North
MC,16092,18,North
AM,16277,15,West
EM,82879,88,North
CJ,9249,45,North
IG,99874,20,North
LI,60459,73,West
GA,56571,89,West
OJ,50333,56,West
KM,33662,91,West
AA,54268,76,North
CD,27507,54,North
HL,74016,23,West
CM,52111,43,North
GF,45362,73,West
MQ,82495,99,North
CB,76009,60,North
EH,53740,16,West
FL,7502,77,West
CH,97107,99,North
LB,69260,16,North
HA,75597,79,West
JC,51043,43,North
JD,44867,74,North
MM,67569,11,North
GK,25590,28,North
EF,76166,24,South
QJ,83624,65,South
FM,56730,85,West
AI,30577,13,North
CH,12899,59,North
QG,83370,67,West
FE,5817,46,South
DA,96230,20,South
ON,52070,91,North
DM,19309,34,West
IQ,96896,23,North
NA,64025,25,North
GA,41013,71,West
PQ,9305,30,West
JC,72488,100,West
IE,16549,73,South
HN,80516,69,West
MA,326,55,South
ID,4305,55,West
QI,36622,45,South
EL,13781,84,South
KP,72051,81,South
GI,31619,85,North
PK,34481,50,West
KJ,67955,90,North
NL,43749,15,North
BP,8832,25,West
JF,74306,81,West
OG,29959,96,South
HJ,35515,35,North
OM,50891,63,South
EJ,30438,95,West
OQ,737,42,South
GQ,88656,91,West
GH,16068,61,North
KH,89849,68,West
DC,46519,98,West
EL,46405,14,West
JA,58117,59,South
PH,80100,11,North
IO,6293,67,South
KO,64666,29,North
PC,37461,96,South
HA,6829,33,West
AL,31580,68,West
OM,59113,58,North
OF,22470,23,South
FM,91916,56,North
HM,79768,13,North
MI,58295,86,North
IO,20057,29,South
DC,59004,35,West
FO,58307,30,North
OD,41016,10,South
EP,94504,55,South
QO,51992,84,South
NL,41086,83,South
HP,56754,72,South
LL,62783,11,South
IP,22052,59,South
LH,43417,22,South
IH,79226,98,South
LH,27957,53,West
GN,46941,69,South
IN,35628,23,North
BJ,86053,57,North
JI,91574,67,West
LB,64688,16,West
GF,45581,15,West
LA,66206,78,North
FA,95427,53,West
HJ,84484,58,North
QG,74920,92,West
DM,1886,50,West
FD,13217,11,West
JG,88783,75,South
FQ,27486,88,South
NC,13927,13,West
PQ,12807,32,West
GA,56799,38,West
OE,44661,11,North
QC,32673,18,West
II,59014,77,South
FE,53134,90,South
BQ,70358,98,West
HO,35354,74,West
CJ,2258,15,West
IK,63338,16,West
AA,49189,22,West
MM,22998,54,South
AB,42636,89,South
MQ,34628,13,South
PK,5508,24,South
HC,3146,28,South
IK,92632,28,South
DE,18225,62,South
LC,26124,73,South
MA,12126,13,South
NE,3577,32,South
BI,40605,11,North
MC,59649,96,South
LM,18900,10,South
HP,42414,76,South
OH,65630,85,North
EG,32543,74,South
MA,96621,27,West
EB,57984,39,North
JG,9439,27,West
AG,79525,64,South
HP,55968,76,North
LK,76164,32,South
NH,42207,21,North
EJ,81130,71,West
HM,71298,11,North
QF,40980,27,South
OO,12710,39,South
CH,59931,37,North
HD,2036,15,North
QN,96166,91,North
KO,29581,35,South
JG,70537,27,North
MK,34933,31,West
AM,91115,14,South
OF,17382,40,North
JA,52928,68,South
GH,451,48,North
JQ,74260,58,West
NI,70730,17,West
LL,23999,47,West
FN,5055,25,South
FC,91570,26,South
DL,81278,70,South
AN,68855,88,South
ON,85799,62,South
OP,31539,92,North
BD,36260,10,West
DA,53172,93,South
HQ,70684,99,West
FK,41351,57,South
EG,1210,19,North
CF,3737,76,West
PP,20602,32,South
FO,93683,41,South
AM,7488,81,South
GM,90889,34,North
BM,74317,56,West
CH,60614,53,North
NI,52713,44,West
QP,3949,21,North
MJ,90892,65,North
AA,64178,17,West
NQ,1811,15,South
MB,83542,85,North
CE,85606,60,West
EE,60202,70,West
NJ,36985,77,South
MF,93963,12,North
BN,87914,10,West
NN,64066,78,North
QB,41677,74,North
GA,35951,100,North
GJ,98551,70,West
AN,33761,34,West
IH,96288,82,South
PN,69630,61,South
PE,52100,75,South
AC,20197,57,West
NF,96908,73,North
CI,2194,73,South
LD,31724,23,South
EA,1816,97,North
FI,47932,71,South
HQ,25843,83,South
AH,40000,95,West
HL,41248,17,West
GD,3671,46,West
NE,62413,37,North
GJ,2234,77,North
EE,43556,29,North
EP,42040,81,West
JC,58208,71,West
BL,66350,98,North
NF,7366,75,North
DM,18644,45,South
CF,94426,75,West
MM,3352,91,North
HO,61065,75,West
FB,65277,54,South
MQ,13056,40,West
HC,60443,67,West
MC,32550,40,North
AG,61607,33,West
PJ,59142,36,West
CJ,97960,81,South
PN,11231,66,South
LN,78899,49,South
AD,55517,16,North
EJ,80590,84,North
IA,42452,11,South
PP,3577,64,North
CI,43087,95,South
QD,57477,76,West
PI,87441,26,North
OD,40308,51,West
GE,26682,100,North
DJ,93644,28,North
JE,98033,75,North
BD,87329,24,North
EM,73695,74,South
MH,32764,92,North
BJ,3472,38,West
QK,97522,88,North
FF,66732,96,West
OJ,86079,77,North
MC,28558,57,South
QB,13073,52,South
BK,88144,11,West
DB,4192,50,South
MM,27418,92,West
FI,79879,55,North
KI,52996,63,North
GN,75635,91,North
QN,71864,83,West
OO,6126,95,North
HK,71950,23,South
MG,77339,16,West
IH,34097,21,West
HM,13291,20,South
KN,94294,33,West
MI,8719,51,West
QM,32054,38,West
GH,56871,72,North
FP,37882,99,South
JB,94722,53,North
BJ,45742,98,South
DH,32359,99,South
FJ,71990,69,West
FE,1160,75,North
MA,1271,70,West
MH,11712,13,South
GG,95574,36,South
GN,9106,16,South
MK,87714,92,North
JE,30518,66,West
CA,49756,69,West
EB,93333,85,West
MG,29979,14,West
KF,12094,64,South
NM,24798,77,West
JN,16612,71,North
QF,84017,76,North
HD,53699,93,South
NB,46657,41,North
OM,71390,72,North
CQ,53187,83,North
DE,807,39,South
PF,66507,38,North
PJ,2459,100,South
JH,33297,40,West
IJ,45735,13,South
DH,52815,76,North
JP,28981,77,North
PQ,89419,66,West
OI,11565,80,South
KN,75512,33,North
CC,25554,72,West
FN,4706,48,West
OC,97033,59,North
PB,55546,98,South
JO,52362,31,South
JM,90636,88,North
KH,66114,36,West
CC,17973,12,North
JC,71298,49,South
NG,95966,11,South
FH,75811,40,North
LG,90732,18,North
KI,99543,24,North
HN,83485,77,South
MF,13320,38,West
IA,36490,74,South
OD,94103,55,North
CB,12819,61,South
GD,48572,75,North
NM,71748,74,West
KH,93485,96,South
NP,64353,12,South
LJ,32747,53,West
ON,88854,70,North
LG,10351,99,West
GL,59739,25,West
KL,92058,15,South
CA,83924,54,South
IH,33259,79,South
HH,54491,22,West
FQ,99090,70,South
QB,76451,70,West
JD,6638,67,North
GE,77639,12,West
NK,30561,84,North
KD,97278,75,South
MP,50897,81,South
QK,29450,96,West
DL,58444,27,South
LQ,20322,12,West
HO,21623,89,South
JE,20665,60,North
EO,10591,43,North
GQ,40860,14,West
OM,50904,66,South
FP,53541,19,South
BM,83011,45,West
EP,16886,63,North
ML,19007,17,South
DP,90810,67,North
EP,85938,73,South
MH,65733,59,South
HN,7000,24,North
FI,41630,32,North
AL,93530,76,West
LD,87011,97,West
PF,95440,18,South
NJ,94149,76,North
FO,47358,47,West
NE,44179,54,South
IF,35504,63,South
LD,89627,80,North
JP,87634,75,South
FM,6961,48,South
IH,18648,83,South
AL,62131,67,North
MB,5197,68,South
MN,57673,48,West
MO,93741,40,North
HF,35240,55,West
HJ,13449,89,South
CH,55291,91,West
MN,18754,14,North
JG,36599,23,North
DD,17481,72,West
MD,93256,47,West
JM,3042,78,West
PH,99130,80,South
LF,84608,82,North
LF,77338,91,North
EJ,79883,100,South
DP,69577,57,South
AE,86556,45,North
PI,90599,22,North
NN,61575,53,West
BK,29553,20,North
IK,94662,73,West
AG,60342,36,South
LE,9987,11,South
JJ,95684,72,South
OM,89954,78,West
ME,52186,77,North
PE,6598,47,North
AC,13225,27,South
II,19099,61,West
AI,97178,19,South
JH,95144,16,North
GI,26292,89,North
EO,17902,73,South
MA,21335,78,West
KL,18965,34,North
KD,13095,72,North
OI,92381,35,West
QO,21188,52,West
JE,93766,37,North
DH,8388,98,South
NG,87738,18,West
MB,57152,30,North
EI,12891,77,South
GM,82512,80,North
PM,26790,93,West
OP,49416,52,South
GI,59490,100,West
PN,376,83,North
QJ,66663,54,South
ML,37034,58,West
JE,30884,80,West
PC,23076,32,West
JA,69213,81,South
OD,31450,87,West
JF,48895,60,West
QK,47973,46,West
KG,24928,70,North
KQ,83288,96,North
DO,46866,60,North
ME,68667,50,North
MD,86438,100,West
OI,60921,69,South
IN,86559,82,South
GD,31398,43,South
JM,64623,62,West
AM,83371,37,West
BN,87563,69,West
LK,26989,66,South
FL,42917,77,North
AM,49020,34,West
KP,80731,75,West
PG,45060,80,West
IH,43526,98,South
AJ,39735,99,South
QG,25286,98,West
GI,78444,65,North
KD,98111,21,South
LI,62093,10,West
FB,9684,43,South
KN,16433,62,South
EE,60695,67,South
EI,33448,24,West
GF,16028,52,North
QQ,15491,50,North
MA,86413,77,South
LL,2083,60,South
PL,35084,62,North
NE,12192,96,North
HD,27926,52,North
HM,73730,20,West
BM,90686,58,South
GJ,67900,37,West
PO,77187,24,South
NI,44473,28,South
PC,34048,57,West
QC,29834,31,West
LI,29919,89,North
BH,3262,59,North
JE,6349,51,North
ED,93807,50,South
MK,2759,84,West
BN,38726,19,South
BG,92714,10,North
FD,32244,20,West
MJ,15623,71,West
LB,67160,80,South
OB,58040,94,West
HF,8106,44,South
FJ,52587,45,South
NI,62714,50,North
NO,40084,69,South
IJ,77271,59,North
LC,43187,24,West
QG,74826,84,West
FN,84089,62,West
JK,24992,41,North
HN,50348,32,South
GO,75782,62,North
OQ,65366,12,West
BD,46401,48,North
IM,70789,36,North
JN,28521,95,South
MO,42648,24,North
JC,50338,93,South
HG,91441,20,North
GA,16106,100,West
NA,28143,92,West
KM,95835,56,West
EL,57522,42,North
ML,28398,92,West
HH,33304,65,North
QJ,84993,73,North
EP,93849,29,South
GM,28292,35,South
DC,88023,34,North
JN,31950,15,North
IA,12475,28,South
FQ,61985,69,West
NJ,89051,82,South
KH,82434,44,North
EM,63806,51,North
GE,88720,14,North
DB,3885,39,South
IP,30759,11,South
QH,12254,47,West
BH,77736,15,West
JG,92351,92,West
OE,94316,77,North
CH,51169,71,North
DF,74599,26,North
CO,90712,12,South
LN,31192,14,South
AL,7136,19,South
KO,8576,67,North
CM,93875,68,West
DB,98253,28,North
QG,93958,45,South
BC,91322,79,West
MM,64819,33,South
MQ,48408,40,North
OJ,26597,50,West
KP,16242,30,North
IN,61751,69,North
GO,54975,18,South
GQ,21674,37,South
NH,78509,97,South
IQ,53917,68,West
PI,97806,10,West
LD,9832,59,South
AM,57717,78,West
NG,17138,19,West
FP,17975,77,North
JK,3932,37,South
EO,19462,33,North
EB,24295,51,North
EI,64637,55,North
EQ,69389,85,South
MN,70222,50,West
IB,3707,80,North
CO,33177,48,South
DQ,97863,72,West
QP,42156,95,West
NJ,41105,74,North
LL,24344,27,South
LC,21094,56,South
AH,87045,97,North
EP,43248,95,South
JH,56298,51,South
DP,61006,30,South
MO,56567,50,North
OH,90299,78,West
NA,85689,42,South
GO,24081,86,West
GO,76797,57,North
DP,3969,94,West
ME,52083,90,South
HC,53735,71,North
BA,30342,66,North
MF,68254,43,West
CK,38939,64,North
AB,32503,99,South
IB,1228,13,North
JJ,86190,81,South
FC,95655,100,West
CE,62780,16,North
JG,84194,16,South
AB,41994,57,North
II,94077,21,South
ID,96432,17,West
MO,60291,20,West
JM,92953,96,North
NK,46343,85,South
QC,96851,80,West
QD,36874,81,West
HQ,45325,57,South
JQ,8445,73,North
GC,56629,29,South
CB,60514,32,South
NK,54815,17,North
JK,92409,14,West
DN,21373,46,South
LN,49258,45,South
BH,38943,63,South
HB,41002,27,South
CB,85373,29,West
DI,27488,74,South
AO,44525,41,West
ID,96760,90,South
IC,31064,75,North
HO,67524,37,North
FG,71115,62,South
NM,81533,75,North
GH,37985,93,North
AC,96846,79,South
HB,23451,88,North
LQ,36252,58,South
DB,10056,63,South
EA,24081,11,North
GM,71853,36,South
NK,26503,33,West
CK,3314,92,West
BM,99480,75,West
IQ,6590,17,South
LP,50257,50,South
JH,18728,61,South
MB,45242,93,North
MF,41412,75,West
JQ,69571,90,North
LO,19696,82,West
AJ,37427,13,South
KE,38001,62,North
FM,86990,87,South
FD,40054,83,South
ON,82032,73,North
FD,57781,74,North
KJ,83271,69,West
FC,17125,77,West
PD,32873,89,South
QC,87776,45,West
ML,43012,48,West
NB,98296,67,North
QO,44915,49,North
MM,46539,20,South
GI,3727,10,North
GP,14442,47,North
NH,94586,33,West
DK,4478,68,West
QC,87563,70,South
JG,24675,85,South
HP,4585,44,West
PB,52796,33,South
KQ,77893,36,West
HG,17843,20,West
EA,47112,32,West
NP,55700,54,South
PL,46737,69,West
NN,78982,99,West
IE,47833,87,North
NL,45693,79,West
MP,32025,37,South
IB,41711,74,South
ML,65154,90,South
AH,94061,23,West
EG,9273,76,West
QM,85734,39,North
DF,47545,64,West
QK,35673,66,South
EH,33134,91,South
DG,10564,19,South
FF,52237,18,West
OF,31394,89,North
DM,71419,14,West
LN,12264,57,South
JC,4269,45,North
QM,60728,89,West
BH,48900,83,South
AC,28560,47,South
KA,48081,50,North
PG,88294,91,South
GL,21773,76,North
PI,18906,42,South
JF,87474,78,West
ML,84119,93,South
NI,12908,75,West
JI,71171,75,South
LE,32451,80,South
QB,5198,74,South
NQ,93965,22,West
QM,88992,72,North
BL,29857,73,North
AD,2686,47,South
HG,67543,87,South
KH,48038,10,North
LL,10666,56,West
MP,99751,84,South
NE,52072,97,West
CF,87249,94,North
GE,50030,15,North
BO,9500,31,West
EF,99039,39,South
HG,7394,52,South
KG,99571,92,North
JA,97433,81,West
LQ,20945,75,North
GD,18747,96,South
BQ,16973,85,North
QQ,59768,48,West
NC,19798,91,North
KG,2179,94,South
DA,76453,71,South
CA,49606,34,North
GN,31852,10,West
GH,18682,42,South
BN,90025,64,North
EE,7899,95,South
EG,89291,79,South
IC,36055,13,South
HJ,24218,22,West
JF,85935,26,South
IB,7260,69,North
PK,14836,43,South
AB,76009,78,South
CF,13355,55,North
JH,1984,12,South
MH,12953,18,North
IL,26841,50,South
FF,6406,100,North
CA,81142,98,North
OQ,49213,18,North
OQ,8467,30,South
AC,17639,71,South
PP,45877,12,South
ML,78201,19,West
GD,62862,57,North
PE,94128,73,West
LD,31686,45,North
CB,42305,74,West
BB,32938,28,West
EA,3347,21,South
QB,77731,99,North
DQ,19196,50,West
FN,92183,96,North
FC,50087,24,North
KN,32465,40,West
NI,10419,27,North
EJ,77739,88,South
GP,82100,64,North
NL,52607,34,West
NL,3254,86,South
MB,90826,10,West
ED,81439,11,South
DB,27182,48,North
EA,37925,69,South
CF,92573,95,South
LM,92930,70,South
KE,88843,72,North
BO,41787,50,West
AN,12238,83,North
KB,23739,22,North
QL,60616,53,South
JL,99614,15,West
HB,22151,22,South
DQ,48832,14,West
NJ,33332,37,West
KA,1573,53,West
PQ,36875,45,North
EN,53534,13,South
MQ,57769,80,West
OH,80645,11,North
FE,21855,57,South
ND,36095,56,North
IK,2625,30,North
ID,11228,17,North
DB,81586,56,West
IO,98732,43,South
EO,83987,30,West
AN,57715,36,South
QP,53561,46,South
HK,91429,36,South
HG,67737,71,West
BB,67340,10,West
DD,66379,45,North
MI,73899,91,North
PA,26302,40,West
GC,26727,84,South
DQ,79009,11,West
FH,90412,82,South
ON,62211,70,South
GN,9234,67,South
OM,9719,74,South
GC,46150,18,South
LF,73901,16,West
ON,1037,93,North
GF,69078,42,North
FA,42657,73,West
GC,40117,43,North
QL,90328,94,South
KJ,60317,47,West
ED,14890,72,West
EO,23538,72,West
QL,12251,99,West
AP,44799,32,North
EG,13944,98,South
HG,81102,68,North
EH,11953,62,South
LM,38622,35,South
DQ,63404,75,West
OA,45213,81,North
DK,43366,77,West
BB,19794,75,South
DD,24426,53,North
OE,90073,27,West
JL,28563,57,West
HD,64694,38,West
HI,77906,59,West
HI,95736,83,South
JJ,97435,91,South
NH,41528,91,South
NI,99909,11,South
LH,80488,19,North
LE,1361,84,West
BQ,93643,44,West
DI,69962,88,North
DF,1113,34,North
JA,73787,23,North
EL,8715,87,West
DL,15169,26,South
OC,58350,28,West
EE,57795,44,South
FL,90322,58,West
IG,84618,46,West
QA,63389,77,North
EE,53137,26,South
II,32489,46,West
MM,71954,91,North
PO,85229,56,South
KQ,59982,46,West
MK,98083,81,West
EL,65638,11,West
NI,83166,82,North
KC,11674,42,South
PE,45735,99,West
OA,98142,76,North
CQ,75499,31,South
FE,21027,60,West
HO,95149,84,North
PK,4219,76,South
KP,48203,46,West
LL,20139,19,South
BC,4598,56,North
OF,79895,43,West
CQ,40803,62,North
JP,53378,61,North
KC,33320,69,South
CL,20230,98,West
BI,13550,34,South
MP,33654,57,West
JG,33417,41,West
EL,30599,96,West
GM,41922,44,North
MI,24960,97,North
MG,45046,22,North
BB,39091,32,West
OF,17195,14,West
FL,4533,86,South
EK,43214,20,West
PG,48566,27,West
HH,59502,79,North
KA,14183,57,North
KN,43091,19,South
KE,63078,33,North
GJ,21393,50,North
QN,63658,51,West
BD,23403,30,North
PK,11012,33,North
FN,92690,38,West
GA,97297,72,South
LQ,432,39,South
DJ,80193,56,South
HH,32821,33,North
NQ,86322,39,South
PL,35927,34,South
OI,73348,12,West
NF,2715,44,North
NG,42641,49,South
EG,25005,88,West
BL,88065,31,West
GH,92879,59,North
IF,68385,65,West
LQ,88170,91,North
JJ,39777,31,North
CL,23426,76,West
GE,29927,100,West
FN,4365,26,North
GD,43994,47,North
BE,83456,10,North
EG,97198,22,West
HH,72753,94,West
EH,39001,97,West
MF,86216,47,South
AD,11181,11,South
II,79062,51,North
OE,44413,96,North
AJ,70097,96,South
AB,81227,23,South
GC,13314,35,South
EN,57139,93,West
HJ,81859,13,North
CM,27013,85,West
LA,6827,70,North
OO,17263,68,West
HB,30018,34,West
QN,94086,43,North
JG,8981,52,North
IA,11898,92,North
OH,90598,35,South
PH,27020,16,North
IA,94463,10,South
GQ,24999,39,North
BB,96827,75,West
BM,38039,96,South
EH,53806,74,South
MM,73565,88,North
MN,71112,58,South
QP,57189,38,South
NA,2291,16,North
CB,61023,61,South
DM,73451,23,North
BB,96537,91,South
NC,80604,64,West
PH,19895,15,West
CL,69751,77,West
CD,61057,76,North
MG,47849,68,West
NM,41486,80,West
MG,44516,28,South
KO,50921,21,North
NO,5869,86,North
FC,11603,92,North
QE,18351,93,North
IO,80620,39,West
FB,6372,22,North
KQ,45084,95,North
FF,3104,17,West
GJ,12763,80,South
PM,74807,35,North
FF,37345,74,West
OM,76944,37,West
BI,52556,84,South
ON,87040,26,West
LG,34192,39,West
DI,9149,63,West
DI,60286,36,West
KN,33969,31,North
IH,15630,48,North
PL,48565,79,North
HB,39422,86,North
FJ,75353,52,West
LC,85416,22,West
LE,95634,36,West
FM,28795,69,West
AA,99463,20,West
QJ,3759,19,West
BO,61702,53,West
FH,95843,38,West
IF,83451,94,South
EK,69676,74,North
EN,75505,38,West
LJ,48069,99,West
AI,35170,10,West
FO,3375,86,West
MN,14506,18,West
DG,67668,17,West
MP,33565,94,West
PB,72261,38,South
JM,52792,85,South
EQ,16254,54,West
AN,77103,31,North
OL,63514,14,South
GJ,87823,95,West
PF,84603,66,South
PP,66113,32,West
BM,78597,10,North
JE,45786,99,West
DF,75936,96,South
OB,34386,44,North
NH,45542,79,North
JN,50927,32,West
FD,41224,61,West
FE,35196,80,South
ED,80918,21,North
ED,81761,21,South
KG,63881,15,North
DK,25944,78,North
NE,39044,95,West
BG,69686,29,North
GI,73145,56,South
BI,42320,39,North
PQ,45379,31,South
LP,58477,97,South
IA,5985,32,West
KP,74750,86,North
AH,80649,21,West
PN,8,26,West
MN,40424,90,South
NF,69967,60,South
GM,6988,35,South
HO,52536,65,South
IL,13542,55,North
DF,28912,97,North
DK,13920,99,South
JF,69674,28,North
MG,13773,48,West
EI,21112,47,West
NE,33843,50,West
CD,80202,15,North
BK,97862,84,North
EF,93165,44,South
GM,92574,91,South
MP,97660,54,North
BD,96759,34,South
HK,52422,89,West
JC,40548,45,South
EA,17487,28,West
PH,43141,49,South
MM,39694,20,West
GN,94668,49,West
CC,16169,85,South
LI,33036,97,West
ON,48435,40,South
AO,70726,57,West
KQ,51371,45,North
PJ,11697,89,South
JN,77376,60,West
OM,69641,94,South
BP,11059,61,South
MH,13665,53,North
BE,1647,26,South
PG,21178,26,North
NN,42278,73,West
MB,72939,24,North
JA,13958,99,West
MB,30657,63,South
FG,93217,11,South
BB,88780,63,South
PE,1474,80,North
AQ,94909,27,South
OM,12921,79,West
NA,90171,56,North
DL,50776,23,South
BE,42110,33,North
QA,38391,50,West
PD,59566,23,West
GF,85431,72,West
NP,91724,62,South
JJ,23978,55,West
AH,35388,35,North
JO,59447,18,West
FN,75870,51,West
AG,63530,58,South
DH,25863,16,South
AM,93214,10,West
GQ,19798,46,North
IA,8230,47,North
ID,47397,78,West
FN,88564,92,West
DQ,3822,33,South
GQ,95074,35,North
MK,56244,39,South
FH,73001,35,South
FM,49906,30,North
NQ,51428,96,West
AQ,16293,24,West
HO,8832,89,South
PH,89734,100,South
LD,76586,74,West
CM,44630,95,West
PA,12112,10,South
OQ,32834,68,West
PH,30282,79,West
IO,89256,59,North
LH,39805,27,West
NJ,31734,77,West
EK,20468,11,West
CG,16093,92,South
AI,41213,71,West
IP,51229,84,North
FM,10503,68,North
AP,54510,51,South
BF,39478,57,North
DA,11197,46,West
NM,99299,99,South
PM,98679,21,South
HM,74063,92,South
QO,6582,14,South
BB,25855,11,South
GH,63429,37,West
EG,46846,50,North
IH,78941,63,North
AO,31222,62,North
GN,24967,69,South
NM,65276,46,South
DK,40109,10,West
JP,75959,84,North
FA,39809,63,South
EQ,86473,75,West
BM,81363,75,South
GE,65627,33,South
MM,47291,72,South
EO,31855,18,North
HB,33331,50,South
GE,37381,19,South
FO,49121,73,West
HG,40799,11,North
AG,11725,38,North
OD,742,77,South
EN,76560,44,North
BK,46261,14,North
CJ,57291,50,North
BF,1891,44,South
DJ,24827,69,South
QC,42475,51,South
QL,50788,24,South
NF,26561,53,West
IK,1957,46,North
NI,88561,84,North
MA,82106,73,West
AE,75154,60,South
MQ,67755,40,South
BN,91398,16,North
DK,7781,94,North
BI,14658,31,West
GQ,90231,71,South
NQ,41628,67,South
NP,43970,52,South
LG,99780,64,West
QE,13900,96,South
LK,65507,44,North
LJ,77605,80,North
MB,79946,93,West
NJ,97318,78,North
CC,34652,21,South
LJ,34596,48,North
LA,24113,58,South
CM,10650,21,South
QM,34324,27,West
AH,64361,26,South
PM,12111,80,North
EC,79835,26,North
IK,458,37,West
DC,10249,62,North
HE,8452,97,West
QD,41407,93,North
KL,6646,55,West
JP,14222,53,South
MP,70798,32,South
OM,25610,75,South
EE,34686,32,North
QI,6247,98,North
KE,19981,55,North
CI,26408,24,South
CE,6981,61,North
FI,93205,73,South
HQ,34524,70,North
LB,85094,76,South
KL,49942,44,South
JB,70664,55,North
NP,50402,52,South
MB,82328,37,West
NC,80395,14,South
KG,72221,97,West
FH,92761,66,North
AI,46794,36,West
BI,98223,14,North
OO,38805,100,North
GL,46090,45,West
ID,96423,90,South
ML,82100,81,North
PI,74010,74,South
DP,43941,79,West
IN,61955,71,South
FC,2040,34,North
DE,93560,61,North
MO,29068,23,North
CA,83689,54,West
DJ,16515,91,South
CB,59950,85,West
MA,57616,90,West
EC,67730,32,North
LQ,15326,24,West
AQ,79353,45,North
AM,71614,16,South
NH,86314,52,South
NE,27372,49,North
AN,96373,12,West
AH,72979,74,South
IF,13339,77,West
QH,50590,37,South
JL,13178,23,West
BL,81274,34,West
PM,49003,85,South
OF,28470,84,West
LP,6355,66,West
HB,64833,89,West
FH,37143,46,North
BH,72796,76,West
OO,39219,65,South
MK,72422,93,West
DL,49279,45,West
PE,47121,65,West
GN,86454,96,West
AQ,32636,30,North
CA,68429,81,South
IK,46360,98,North
LP,85987,31,North
GF,32751,12,South
OI,67518,21,South
MP,68198,45,South
FM,73540,19,South
HA,66902,98,South
PG,21637,34,North
PA,27937,67,South
NM,66822,65,North
GA,11261,31,South
PA,10404,26,North
NE,67372,29,South
AF,84227,67,South
BG,11865,19,West
MP,38887,32,West
GI,18016,83,South
GB,10133,17,South
AM,38863,30,North
OD,10750,46,South
AO,98724,79,South
QP,72366,30,North
JB,20556,72,West
PP,82311,62,South
HB,96754,84,West
HF,85903,93,North
HA,59341,10,North
AO,41835,82,North
KE,59945,39,North
JI,95862,22,North
DG,26389,57,North
IC,30890,58,North
MQ,80673,23,West
JK,76366,40,West
CL,18137,37,South
DQ,45865,56,North
JJ,72598,59,South
BH,34332,100,North
KF,54081,23,South
LO,37217,95,North
DO,93571,100,North
EO,80004,85,West
CL,30607,41,North
NB,22284,28,South
DQ,58255,94,South
NN,36701,97,West
IO,84958,69,South
MH,3440,65,North
JM,51047,55,North
KJ,78568,11,North
EG,91431,51,North
FA,27770,37,West
MF,26042,26,West
CM,11805,51,West
AC,68945,66,North
IL,62929,87,West
CA,97661,89,West
QE,36019,18,West
GQ,2936,12,North
DP,49211,92,South
IM,41394,79,South
LF,1758,62,North
LJ,30297,80,North
LH,20022,47,South
NQ,59747,43,South
BB,52714,87,South
IK,17666,60,West
KQ,45035,14,West
IK,45815,95,South
MM,33202,53,South
BH,88513,50,West
ID,62359,40,West
OH,75615,43,West
IK,5656,64,North
QH,25728,59,North
LB,50355,17,West
MH,95370,74,South
ME,55884,88,North
BN,55864,14,West
IB,87589,64,South
EP,31187,72,South
PO,27476,52,South
PM,81005,75,South
MP,20572,39,South
AP,31175,18,North
NA,27287,19,West
BF,93306,99,North
CI,83482,52,South
ME,13627,23,South
MC,71430,25,West
MN,97905,43,North
HA,47149,22,South
IO,70741,98,North
ND,68189,19,North
NH,8652,58,South
QQ,23080,10,West
ME,26516,43,West
LP,83657,14,North
AI,64816,30,North
LB,69709,85,West
KA,39481,100,West
JI,25124,23,North
HN,97056,31,North
BL,19748,23,South
ND,18443,47,North
FN,31445,33,South
GF,81517,72,West
NQ,76329,81,South
AO,37565,85,West
MJ,70547,69,West
DB,69610,59,North
PC,33902,25,South
AN,2671,46,North
AA,75943,44,West
BC,68793,93,West
DP,67610,80,South
KJ,67491,62,West
MO,81709,100,West
GD,77667,83,West
BG,28377,60,North
QN,93557,28,West
NA,82479,96,West
CI,10258,89,South
EI,99391,36,West
QE,56573,39,North
DD,72169,15,West
BJ,49917,90,North
GH,92115,32,West
LP,22698,26,West
MJ,43625,38,West
PL,18693,75,South
LI,60223,56,South
PH,19364,89,North
BB,79852,79,West
EI,99994,45,North
AI,63702,67,West
HN,92280,36,West
JE,69017,59,North
OJ,98106,75,North
NK,54072,93,West
BK,65195,77,South
FN,76369,80,South
AK,44394,52,South
FG,84091,59,South
GO,26401,29,South
PE,87877,13,West
OB,31639,31,North
HP,46440,93,North
OA,85955,48,North
OD,35938,80,North
IK,41587,13,South
IP,81223,56,North
CK,91267,12,West
BE,69335,27,South
PQ,7928,21,West
DK,33575,68,West
AQ,15215,70,North
IP,85850,35,North
FI,24248,64,West
AC,14311,29,West
EM,88144,10,North
CD,84935,88,South
QC,13432,39,West
OF,23146,39,West
AM,48303,72,North
PL,27145,68,North
HB,26194,47,West
LL,38529,36,South
FH,55292,75,South
ND,78890,90,South
JF,27439,85,North
BH,65815,81,West
KJ,46833,39,West
EK,8715,23,South
NN,14573,15,West
QI,4265,28,West
PE,84350,35,South
GN,63544,25,West
NL,99523,68,West
LB,79236,37,South
ML,21761,31,North
EH,76614,78,North
FC,2389,30,North
AK,79533,79,North
QG,89506,54,South
II,60765,95,North
EM,81957,55,West
PF,86909,98,South
GC,37082,72,West
NE,56417,71,West
PC,30396,13,South
NM,96112,30,West
IM,69740,92,West
MM,58208,24,North
PG,96922,27,North
NJ,30954,83,South
EM,50066,47,West
MM,55552,53,North
MF,61003,67,West
AP,74617,73,West
EG,15848,87,West
DF,60170,26,South
GC,62623,71,South
NH,12234,41,North
FP,75504,73,West
FF,36389,89,North
NN,88799,66,North
MP,34098,39,North
DB,27672,13,North
OM,98812,65,West
MO,38243,24,North
LI,98655,13,South
BM,23809,43,South
QN,98369,32,South
LA,41951,70,North
IF,87687,45,West
CO,17951,83,South
HM,68855,32,South
QG,88253,52,North
FQ,55922,79,North
NJ,91329,41,West
KE,46363,23,West
ON,21365,32,North
CF,59541,85,West
AN,35883,24,South
FF,32289,87,North
OH,55202,60,West
JP,96312,88,North
KN,70584,20,North
NB,68155,79,North
DL,66625,97,North
BG,89259,89,West
CD,69998,95,North
MD,60639,90,South
HE,84696,48,South
BP,74754,20,West
CC,93617,91,West
KM,26487,14,South
GA,5263,43,South
KN,40104,47,West
PB,97921,97,West
OB,47765,43,North
MP,8606,64,South
NM,16358,43,South
BC,23052,59,South
HB,50391,38,South
NQ,67132,12,West
OC,51105,54,South
AC,54322,76,West
DE,20419,31,West
OQ,10016,64,South
MO,78673,83,South
DN,68957,66,West
QC,32158,18,North
NO,47100,78,West
PM,98644,83,South
PA,34982,99,West
IA,84707,77,North
IF,89873,54,North
GN,98680,38,South
JQ,12923,87,North
MB,66307,27,North
BC,62508,86,North
KN,89527,87,North
KK,64843,48,South
GB,79452,54,North
FK,31905,63,South
JB,66234,89,West
AB,68004,68,South
II,50640,98,West
LG,43707,85,West
EJ,78677,87,South
KI,36063,69,North
OQ,3579,87,West
CF,21698,81,West
EL,54114,46,North
DF,3684,18,South
NQ,59924,89,North
IQ,18830,59,West
FM,29154,44,South
GF,14940,70,South
BC,10106,79,South
MN,61003,80,West
LC,90972,21,South
MP,9534,23,West
GO,16423,34,West
GQ,47431,15,North
LG,40924,31,South
AB,46149,70,North
FE,75430,89,North
LD,11075,58,North
LG,62829,17,West
HD,55274,51,North
JB,30017,13,South
JC,94830,68,West
FC,11475,61,West
AL,41733,97,North
LD,44005,92,South
PK,27173,59,West
CK,99222,74,West
NQ,5819,69,North
FP,85959,22,North
NJ,83372,45,North
GA,19974,23,North
HP,671,80,West
HQ,592,59,West
BG,79985,77,West
HC,3677,35,West
HM,13654,64,West
ND,16271,92,West
GQ,83394,54,West
BN,42590,17,North
EI,306,14,West
OP,19752,80,North
MK,11480,48,North
QQ,26759,13,West
LG,13406,29,South
BP,39850,49,South
IA,34168,57,South
KH,86360,20,North
MG,17151,84,North
NP,7073,38,South
GH,62654,30,North
CP,55179,31,North
CH,97804,49,North
GI,44176,17,North
JK,28892,38,North
NC,19621,58,West
NN,4969,72,South
OO,34096,76,West
OK,90523,95,North
NA,23821,84,West
BO,36625,19,West
GM,24873,89,North
IH,61353,45,South
DD,94032,98,North
AL,21978,57,West
IK,86563,95,South
FL,69660,39,North
CI,89539,34,South
ON,63460,42,South
PI,21200,87,South
HE,11337,75,North
HA,49034,74,North
GI,31079,47,West
QK,6854,67,West
FD,62532,32,West
NO,45348,52,North
EK,9905,52,South
ME,27193,18,South
PJ,81665,89,South
IP,61851,18,North
GG,83518,83,North
JE,25756,12,West
HD,81214,28,West
GH,64800,37,North
LE,66688,77,North
QA,42947,75,West
OI,33162,48,North
NG,83227,39,West
IL,77268,10,South
JI,5377,16,North
CE,83402,50,North
BQ,73070,69,North
GJ,9184,34,North
JK,72400,25,West
AE,88240,51,North
BG,31921,81,West
EN,63510,55,North
QJ,10159,93,South
HM,19561,27,South
PC,58141,75,West
BG,32629,70,North
LH,44,91,South
PH,42401,86,South
DO,98307,98,South
FD,87590,25,West
DG,46723,56,West
BL,56780,38,West
JC,98362,23,West
OM,99165,96,North
BF,31668,12,North
OM,67430,57,South
LO,8483,20,North
PH,45954,78,West
BE,50350,42,West
DO,76643,58,South
AN,433,20,South
BK,81456,66,North
CN,98476,100,North
II,13875,11,North
AK,28808,13,West
KO,25977,41,South
GO,87927,91,South
KQ,36600,18,West
CI,48754,67,South
FD,52507,30,West
MK,7300,69,West
QD,55075,100,North
CN,90571,34,North
JJ,18317,65,West
AC,28056,83,West
GC,51747,33,South
AL,17712,78,North
PB,82224,94,South
EI,26160,66,West
AJ,18514,48,West
CM,78833,26,South
PN,20490,83,North
BA,18106,26,West
GJ,34335,16,South
LL,27332,22,South
BO,78033,23,North
BD,95615,77,West
GK,15249,71,South
ML,71495,97,West
FJ,136,85,South
GF,7458,68,West
OP,56596,90,South
CG,5422,83,South
FA,73636,83,South
GF,23473,19,North
JQ,31518,45,South
IH,61966,37,North
QG,3314,22,South
PL,41618,64,South
HH,24035,31,West
FD,82587,16,South
PJ,71232,69,North
GO,14646,31,North
BC,33594,47,South
KP,59906,51,West
KH,20799,98,West
KO,69915,46,North
EJ,1377,15,West
GI,63590,90,North
NI,16593,24,West
QB,89796,36,North
GM,85933,35,South
QL,60842,98,West
CE,90702,54,South
GE,68519,45,West
GA,2981,59,West
NM,9911,71,West
AI,32435,52,South
PN,70135,92,South
KK,44683,70,North
GC,1744,35,West
AI,13383,81,West
PG,52813,82,North
EK,23080,99,West
PE,64803,38,South
AP,12769,100,North
GC,48922,25,South
LE,53860,80,West
QH,13161,96,West
EA,83658,21,South
JH,40749,30,North
GO,79330,17,West
CB,90828,89,South
HE,72479,14,West
JA,12603,50,North
LI,68712,38,South
JM,22059,88,West
JB,60158,41,West
HP,76678,98,West
NH,60388,78,South
JN,25585,79,South
FH,68241,87,South
HK,63381,31,North
EQ,23280,83,North
HF,30475,66,West
EH,68862,97,North
EQ,73851,18,North
AC,28938,47,South
JQ,71815,28,South
LA,7444,26,North
BJ,60740,71,North
KB,95685,88,North
DN,52706,28,North
IO,89030,72,West
FG,91361,63,South
HC,6585,11,South
HN,843,25,South
EL,2486,26,North
NJ,44357,25,West
OK,75251,29,North
MP,97308,26,South
IP,607,47,North
EC,77327,26,West
CJ,56526,32,North
QO,5328,91,West
BO,47495,96,North
PQ,80218,64,West
EB,89072,10,West
JD,22178,75,West
FQ,60298,42,North
NP,59579,49,North
OJ,46375,12,North
QD,34553,95,North
IC,89608,31,South
DM,13472,87,West
LC,45318,61,North
CL,3171,77,South
CM,23052,39,West
FN,40199,20,North
QN,35394,10,South
OL,35164,98,South
OG,4950,89,West
NN,97257,43,West
KL,66436,53,West
LE,46473,23,South
CB,96066,19,West
OG,36258,23,West
PF,57582,76,North
EP,79526,88,South
IB,38077,69,South
PI,78815,46,South
NA,27357,57,North
BO,88830,65,South
IO,68210,37,West
AM,54097,47,South
FL,90713,74,South
OF,73286,100,North
LC,32733,10,South
GF,32437,12,South
PB,98401,49,North
AA,89427,18,North
KE,68646,19,North
KH,26184,46,West
OD,69670,91,West
DA,14484,39,North
LB,49056,97,West
QC,30643,17,North
FO,72650,36,West
PB,961,54,North
OB,41895,28,North
OJ,17129,94,South
JP,75199,27,South
IN,76917,10,West
JO,6376,68,South
KE,21362,20,North
DG,94050,33,West
EK,78892,26,North
BC,68852,43,North
JG,88561,73,West
JP,82332,23,North
IE,47651,96,West
FL,82625,38,South
DL,43525,52,South
JB,65722,59,North
KJ,32051,95,North
ID,36430,31,South
AG,79840,74,North
KC,74187,98,South
OJ,43674,91,South
MH,54353,60,West
PI,65832,71,North
MM,95968,68,North
NQ,67274,86,West
GH,21144,23,North
QJ,63196,65,South
HD,8340,31,South
OD,2999,25,South
EH,95512,32,West
QI,35119,12,North
QB,95374,31,North
ND,37474,84,South
QB,60370,20,West
AC,43118,97,West
PI,21937,22,South
HA,737,33,North
BD,16423,57,North
ME,62866,61,South
QK,13003,15,West
OM,46377,53,South
KA,22630,22,North
NQ,74014,42,South
QQ,94785,79,North
EI,77229,74,West
OO,38919,66,West
KM,72148,27,West
OO,10348,45,North
HG,13409,88,West
QC,7160,77,North
FD,84085,81,South
MD,29874,94,North
AO,52772,89,West
FG,22505,74,West
FK,2478,53,North
GO,28394,99,West
PL,30339,51,South
IQ,34441,71,West
FD,62487,73,South
CF,17338,48,West
HI,34177,49,West
OA,32664,46,West
LL,41406,32,West
IH,28681,12,West
FD,6834,27,North
MA,47668,64,West
NE,3243,93,North
DB,17499,80,North
MI,6160,49,South
GC,76776,36,West
NN,45301,59,West
IA,59714,39,North
NK,38087,85,North
EI,66112,10,North
CB,93495,71,North
MK,80589,46,South
BA,72102,62,North
FA,2489,35,North
HC,97131,64,South
JB,87355,54,North
JJ,95979,73,South
KA,26179,61,North
OJ,70450,38,North
BH,40561,86,South
MB,34093,57,South
BJ,59693,29,West
HH,58632,46,West
CG,78951,22,South
CG,92958,27,North
NH,25072,98,South
CM,92778,66,West
IK,19565,94,South
MM,96701,13,South
DQ,98028,17,West
OH,92033,43,South
FJ,29487,37,North
ML,67262,17,North
IC,496,83,South
MC,1999,38,North
EA,56013,38,South
ID,81729,90,South
ED,92068,78,West
JM,34925,72,North
QN,6639,33,North
OG,45392,78,South
JC,7701,95,West
QL,62841,68,West
OQ,94399,92,West
FA,88964,65,West
HF,1457,38,North
EF,83589,85,South
KJ,43306,15,West
MA,70623,22,North
BC,50964,18,South
PC,46489,44,South
GB,42162,45,South
KB,53078,58,South
NM,46656,23,South
GB,67833,35,South
HN,63150,81,West
KL,76245,37,South
HA,93841,77,North
BO,76150,58,North
GP,7652,88,West
NF,12243,43,West
CL,79422,95,West
FI,19481,22,South
AA,26340,32,North
EI,47561,34,South
QK,72646,56,West
HJ,55176,62,South
BO,30249,30,South
OD,58234,88,West
FI,62250,37,West
EE,50917,69,South
IK,33931,39,West
OK,75811,49,North
GM,73601,57,West
GN,74981,16,South
JN,22340,30,North
CM,77587,56,West
KM,70652,81,North
CN,19331,27,South
NM,70470,26,North
HB,59358,75,North
JF,23027,43,West
FQ,13884,54,South
AK,47554,68,North
BJ,73116,90,South
LP,55323,33,South
FH,66826,36,North
OL,29585,23,North
AA,27919,71,West
BM,14541,77,West
AD,83843,82,West
GO,28541,84,North
PO,48646,66,West
ON,18927,23,West
CC,52362,43,West
EL,38542,34,North
BK,48824,11,South
KI,56905,74,West
DL,93734,72,North
IC,6133,86,South
MA,52661,63,South
KJ,22222,23,North
MH,23772,71,North
NC,29205,99,West
ND,23214,93,South
GQ,83290,47,South
EG,54031,64,North
JJ,13550,37,South
HE,29805,93,South
HH,66142,80,South
CG,42794,46,West
KF,68689,65,South
EK,41598,67,West
IL,6550,68,North
OC,86894,41,South
PE,11186,94,North
GM,79863,27,North
KD,34570,58,South
MC,1311,23,North
GG,49335,52,South
BJ,62480,94,North
AO,5181,88,North
QH,10981,84,North
QF,57302,39,South
KF,46173,100,West
AQ,20748,28,North
QM,12819,14,South
DJ,45777,58,West
EJ,56354,97,South
PP,22258,82,North
PF,18597,37,South
DH,63317,53,West
EG,67982,93,West
HF,9964,54,North
JE,78630,51,West
KI,59702,84,South
PK,87814,78,South
CM,73512,66,North
MQ,35109,29,West
FJ,55246,54,West
NC,79620,12,West
CB,47441,80,West
EF,43333,20,North
HI,73726,99,West
FP,70486,69,South
GP,64101,65,South
QB,47855,71,West
IL,5109,67,North
AP,22000,23,West
FO,28353,23,North
PN,54273,25,West
IP,52433,40,North
MA,20111,67,West
GG,13346,87,West
EC,61330,91,West
OH,84064,60,South
FF,45750,53,North
JH,91314,41,West
CQ,77144,43,South
QN,84429,49,North
GJ,46360,37,South
JA,1521,92,South
AD,53945,34,North
GE,38028,19,North
DQ,2335,56,South
MB,80119,98,North
KJ,59181,80,South
QP,1646,51,South
IF,10478,42,South
FL,38125,33,North
JK,25289,68,South
KE,33015,82,South
PE,12916,61,South
JP,15679,11,South
AJ,70023,86,South
NP,37268,16,West
PJ,43031,52,North
CM,70750,88,South
EM,74130,22,West
FF,51894,46,West
KO,35964,95,South
GK,49988,47,West
DG,57672,33,South
CK,58164,75,West
JQ,75717,64,South
KB,8608,51,South
NB,9771,15,South
CC,66584,82,South
IQ,57455,73,North
KQ,67589,74,South
MB,5946,86,North
FQ,40708,55,South
LK,70266,61,North
QE,4119,33,South
MA,43856,75,West
GB,74373,60,North
QP,17019,95,South
MO,81165,95,South
HG,96377,74,West
BA,95537,30,West
GE,57225,37,North
CH,88520,82,North
FB,71165,61,North
AM,97215,20,South
AG,4287,69,West
BD,92991,70,North
JG,89742,19,South
AF,39161,84,North
QQ,87372,71,South
JB,67664,67,West
QK,18376,36,North
HJ,66945,16,South
PJ,96097,65,West
MO,46748,84,West
CI,25041,31,North
EN,89818,97,South
FB,65402,70,South
LM,84011,29,South
MK,46136,67,West
HQ,74692,72,North
IP,56335,65,North
PC,61793,29,South
FE,52596,19,South
FE,8887,24,West
IM,41868,39,South
HC,55202,12,North
PA,54143,94,South
JN,72315,72,South
MF,82560,64,North
HE,29271,52,South
IE,46623,72,West
HO,95694,92,North
IM,23003,46,West
OA,59295,26,North
DM,64730,45,South
HB,82651,34,South
KG,34722,26,South
LL,46915,39,West
DQ,61863,16,South
QJ,57439,25,North
QC,12647,63,West
LO,14576,51,North
DQ,65457,85,North
AJ,1653,98,West
LJ,59928,45,West
CD,564,18,West
DI,28025,12,South
IJ,73980,27,West
PO,98453,44,South
NF,73071,78,West
AK,21494,37,North
PC,24173,20,North
EC,20184,45,North
CD,81583,56,South
DK,77804,47,South
NQ,17220,58,West
BN,76962,94,West
FN,35194,79,South
AJ,92369,66,North
ND,57504,76,West
DC,88310,64,South
EF,25302,42,South
GK,73651,89,South
MF,26434,33,North
KF,28649,59,South
EP,85561,32,West
MC,55471,47,South
JN,31724,40,West
CJ,79788,61,South
AN,23472,11,South
BI,37291,11,South
OJ,4834,49,West
DJ,28034,94,North
LH,95117,43,North
BG,79899,38,South
NI,67676,88,South
QJ,42358,82,North
FM,18295,94,South
EJ,65759,38,North
GN,10349,87,North
NA,827,19,North
BA,60508,56,West
AH,24598,84,North
MQ,4699,70,West
EF,73892,60,West
BE,22025,93,West
AM,15665,34,South
GC,4567,37,South
KO,40421,77,West
OG,65609,42,North
QI,87736,29,North
FF,57347,27,North
GG,87862,24,West
HI,67069,87,West
QL,15557,49,North
PD,46214,96,West
FJ,98791,78,North
GO,15324,14,North
IH,81918,78,South
BN,2015,36,West
AE,86512,40,West
PJ,41322,82,North
MJ,57439,86,South
QP,45902,45,South
LE,245,22,South
GD,69817,79,West
JM,65232,92,South
BO,46030,91,West
KJ,25874,49,North
DG,18046,29,West
NB,95422,58,North
PK,39963,49,West
ND,40891,56,North
AN,62983,26,North
MC,62947,95,West
FK,16362,37,North
BA,39183,98,South
QQ,25221,46,South
ML,27967,88,South
PB,54622,33,South
AM,75724,90,West
DI,75231,80,West
JA,36158,15,West
PP,23709,32,West
FL,97547,68,North
PE,90974,98,West
KI,15174,69,West
DQ,72997,95,North
EL,96243,81,South
MH,89692,13,West
ED,96367,15,South
MH,85397,50,North
NM,47662,56,South
JD,96957,78,North
GA,57990,42,West
HJ,76148,41,North
GK,21578,36,West
QP,72561,78,West
AK,13196,94,West
AO,43251,83,South
CA,17707,27,West
AC,29327,89,West
IB,54186,95,North
BN,522,20,South
GN,19085,20,North
LQ,54518,64,West
OD,25491,91,West
JM,69347,32,North
IC,77948,28,West
LB,63842,96,West
JP,34020,38,North
BE,8616,18,North
IG,2220,41,North
OM,57846,65,North
JA,30848,26,North
AJ,15630,53,South
NG,27799,65,South
IO,36191,68,West
CC,55736,70,West
LL,59970,42,West
FI,19526,44,South
FD,77837,22,West
LC,77599,74,South
KI,71253,54,North
FD,68684,88,North
CM,52457,47,West
PM,45179,54,North
OA,84165,29,West
OK,71116,74,South
JA,86895,31,North
DA,94695,38,West
AL,42012,30,North
ID,46189,85,West
NC,79223,42,North
PF,97275,54,South
ML,72170,68,West
GB,22628,43,North
NP,5381,12,North
GH,7272,36,West
LI,649,66,South
DJ,31099,17,North
AN,93978,70,South
FO,269,47,South
CM,49359,75,North
OI,60874,28,North
HK,18436,94,West
OF,87071,82,North
PB,50250,11,North
KG,75035,36,West
CB,4234,80,North
EH,20495,87,South
DI,70206,37,West
KC,20423,88,South
IC,99933,25,South
HH,65218,13,South
PH,18093,41,North
KC,54653,50,West
JB,35290,80,South
KC,86398,14,North
EQ,51938,46,West
JG,26467,83,West
FC,54436,57,North
QO,29578,100,West
MJ,8632,68,South
FN,4466,39,North
MH,64489,28,North
QE,49971,23,South
JQ,45593,60,North
FC,16113,18,West
BO,31792,29,North
MF,80734,88,West
LE,76442,43,South
HQ,22253,55,South
LK,63996,79,West
IQ,32365,73,West
GM,36970,34,South
FH,95965,61,North
KO,52433,43,West
JM,75241,13,South
KG,18247,70,North
BA,49724,61,North
LA,85465,17,West
MQ,98449,71,South
EO,9664,11,North
NQ,95499,95,North
MM,45984,74,North
LM,74504,78,South
EG,3702,44,South
JG,65119,12,South
BC,11087,89,West
FI,22645,67,South
HN,93003,39,West
CA,36433,52,North
MM,15056,70,North
NF,16594,55,South
IC,48731,26,South
ED,7783,14,South
JJ,13771,65,South
NM,66606,39,West
LM,58350,16,South
MD,76180,54,West
DK,37523,57,South
NC,17952,71,South
FA,61472,18,South
IG,75290,96,North
OL,88571,49,West
KN,38658,81,West
CI,97294,26,North
QL,63158,55,South
IB,41342,23,North
JG,31250,67,North
DQ,73161,45,West
NE,28537,48,South
OP,67616,61,West
LE,75727,76,South
BI,49397,73,West
DH,70664,52,South
LP,52918,85,North
GD,14938,17,West
BG,36896,55,South
CL,24681,31,West
PA,97758,72,South
AK,19429,31,South
IO,91577,94,South
QP,47081,47,North
GJ,56239,64,South
NI,70703,51,West
CJ,65715,87,West
HH,14701,73,South
FC,76006,97,South
CH,41349,15,South
EQ,58629,54,South
AQ,21191,98,North
AD,43752,71,West
DN,46415,84,West
PA,28527,99,North
LH,18404,80,South
FG,12933,61,North
OG,90356,72,West
PE,68565,53,North
HF,16142,90,North
HP,79191,90,North
BJ,27146,30,North
DC,86605,12,West
NJ,51493,94,West
II,44501,68,West
IK,26576,90,North
AB,54954,28,North
EL,57619,80,North
PA,30183,39,South
OJ,32083,99,South
NF,80277,86,South
JK,75453,100,South
ED,36682,80,West
PL,28822,60,North
GK,45444,56,North
PO,88121,34,North
NL,52250,66,North
EM,46660,49,West
MI,83674,88,South
JG,91864,62,North
JB,50495,36,South
FC,56048,59,North
OQ,81368,15,South
EG,16342,52,West
EP,1686,47,West
GA,97099,73,South
PF,1696,92,West
EC,13934,66,West
BL,51839,53,West
EM,41964,48,West
BA,808,32,North
DI,77686,81,South
FG,74619,85,West
LH,31872,100,West
KD,11904,81,North
NL,77791,65,West
EP,85496,78,West
LD,24941,93,South
PO,30383,57,South
IE,7820,36,West
KN,61861,75,West
DD,35657,99,North
OK,76962,45,South
AK,53944,43,South
NI,62917,67,North
HI,14747,25,North
NE,3715,51,West
CH,69486,37,West
EC,5776,25,West
OL,86438,79,South
LG,57996,60,South
FF,38528,45,West
OO,49277,13,North
QP,39,74,West
JN,30339,73,West
GJ,80523,81,North
DF,17244,99,West
NC,20708,13,West
FL,84407,19,North
CK,94829,32,South
KM,26394,43,West
PM,42474,46,West
GP,95437,23,North
LI,93613,86,West
GM,31371,58,South
LI,27419,11,West
EI,94608,25,West
CI,54074,93,North
IN,777,58,South
GM,57226,84,North
MJ,55516,84,North
QO,33053,45,North
NM,55084,30,North
BL,21001,45,South
QF,78804,18,South
DJ,75152,91,North
IM,17427,84,West
QP,51134,91,West
HM,69295,59,North
CG,24951,10,South
NL,12517,60,South
LC,62340,12,North
OE,8717,61,North
KJ,54489,33,North
JO,16291,12,West
OO,31821,25,South
ME,13179,14,West
CK,86895,89,North
HK,96832,45,North
HA,68427,17,South
HE,11005,59,West
CI,45552,23,North
EE,4128,65,West
GK,15484,17,North
EQ,80279,62,South
AC,32011,84,South
LF,83406,36,West
LN,99356,64,North
GD,6627,35,North
DG,21187,54,West
HM,14072,43,North
JP,84950,77,South
AO,51048,81,West
MG,26279,16,West
FC,53325,29,North
AH,33727,26,West
HC,8538,45,North
EQ,28470,16,West
MQ,40946,18,North
PD,41557,99,North
FM,49672,67,West
PN,3993,67,North
BQ,20176,73,South
OG,83053,28,South
KI,95747,34,West
CA,49234,95,West
DQ,20414,31,South
OA,28491,67,North
CE,7930,69,South
KF,76079,28,North
FG,25348,73,North
FI,53063,17,North
HN,37162,66,South
KH,53207,55,North
OD,247,30,North
EJ,24621,39,West
EH,41905,63,North
GC,19108,13,West
FK,84931,35,North
PJ,18774,85,North
EH,27580,10,West
CE,97031,11,South
OE,90343,80,West
DI,13764,62,North
LG,39362,37,North
GE,28207,80,South
IJ,20530,65,North
NM,11166,98,North
ME,27124,45,North
PI,90894,35,North
GN,69493,13,North
BJ,26965,61,North
FF,84079,93,West
JA,15241,38,North
GL,18146,100,West
AH,5852,14,West
BD,61454,35,North
JF,65799,43,West
OK,13106,15,West
LD,85021,81,West
LD,25655,47,South
OE,42993,77,South
CP,8506,83,West
FI,33524,57,South
KP,66313,22,North
LD,33422,61,South
LN,91229,18,West
IA,76428,30,West
NC,16778,10,North
AM,8801,17,West
LP,75696,56,South
BF,53063,23,South
OD,74222,97,West
BM,94283,81,North
EC,15050,81,West
NM,20672,81,West
CM,9037,95,South
PG,25515,36,South
EH,46547,24,West
KN,29619,48,North
CF,8435,44,South
FL,62043,67,South
DO,35093,73,North
JI,90541,97,South
QE,55415,50,South
QF,91820,24,South
IG,62907,12,West
JB,48274,49,West
DA,34401,48,North
LO,8831,61,West
HL,10504,97,South
QK,58760,43,West
NK,41847,70,South
EH,38291,20,North
GN,66432,78,South
PD,88939,73,South
KI,78327,91,North
DQ,70005,44,North
FH,46142,85,South
EC,65932,15,North
HC,7151,72,West
NM,90507,57,North
IE,50901,83,West
KP,71700,10,South
LF,94436,75,North
BQ,61916,41,West
HN,85841,47,West
JB,52929,72,South
AM,85540,88,North
QO,19586,23,North
GC,70843,85,North
NF,55815,37,West
NB,7796,80,North
BJ,6406,73,North
ON,88528,54,South
EE,66692,51,West
HN,37883,92,West
EI,43300,33,West
KO,50628,96,West
AB,67235,84,North
DP,52037,86,North
LD,53825,37,West
MF,42345,75,North
LB,87600,41,North
EO,63750,57,South
LB,22435,79,West
AC,43450,26,West
CF,51022,75,West
HN,75915,72,North
AL,84426,53,West
PC,84979,12,West
IO,75328,57,North
CA,17640,50,West
ND,75351,96,West
CK,75446,20,West
AF,16067,92,North
OA,38871,70,West
PQ,54896,48,North
QQ,65392,23,North
LO,98096,60,North
FI,60105,97,West
NH,99503,39,North
CQ,96829,44,North
NO,95287,42,West
OP,75109,24,South
FL,50298,83,West
OP,17724,22,North
DQ,80681,48,North
CB,66740,82,North
DC,19964,34,West
OD,85259,45,North
GK,94220,15,West
MM,41287,78,West
DM,9774,33,North
QE,76013,66,West
JO,84858,73,South
HP,15425,72,South
DJ,81863,12,South
GG,5364,47,North
DF,28663,82,South
IK,90939,41,West
IC,44582,48,North
HC,1244,54,South
MA,69223,55,South
KJ,94841,47,South
IM,86196,87,South
GG,94137,67,West
OK,94191,56,West
IQ,19184,23,West
EO,43731,99,West
CM,13084,56,South
HJ,21842,12,South
FM,74442,38,North
AN,8093,86,West
GO,62570,53,North
DG,433,46,South
HO,59920,46,South
OC,67429,57,West
OE,73821,56,North
QJ,36634,85,South
EN,29324,19,South
PN,10926,80,West
PN,89537,36,West
QN,84169,60,North
PB,21685,84,South
JB,67562,71,South
BC,79837,14,South
AP,23551,37,North
CB,31788,68,North
IA,70881,88,North
KB,51361,44,West
NP,56234,91,South
FA,71764,57,North
OE,8055,10,West
AP,11305,42,South
PI,63702,52,North
DN,37210,70,South
KM,95696,79,South
ME,45993,43,West
FK,98028,86,South
KH,87721,26,South
CA,75870,39,North
CJ,22645,19,West
KM,65392,50,North
KP,93777,81,South
MF,24889,51,North
AQ,18373,16,North
CQ,3365,86,North
QK,28661,99,North
LB,70978,24,North
FD,57645,84,West
CJ,47445,93,North
PN,8657,78,North
GH,49765,84,South
MJ,55837,14,South
KM,73046,23,South
OJ,51185,53,West
BE,37169,56,South
JQ,55262,36,South
DA,45940,88,North
BD,25744,65,North
NG,51470,79,South
ON,60701,100,North
BA,15598,31,North
LI,95371,28,West
BI,18559,45,North
FO,98604,63,South
HJ,24815,73,South
EN,21247,83,North
DE,38566,53,South
MD,46716,25,South
FH,67844,84,South
BP,72018,58,West
LA,92315,69,South
GF,2039,60,South
AB,76349,40,West
KF,6829,60,West
BN,7793,83,West
AP,82234,75,South
NH,801,23,South
BI,71075,53,South
LP,54677,25,West
NK,98368,47,West
DO,79699,21,West
MJ,18147,52,North
AK,74017,64,West
JI,41151,70,South
KN,1064,73,South
IP,55601,69,South
CL,6766,91,South
PA,32163,25,North
AH,21966,84,North
DQ,55587,81,West
HI,76369,67,West
BG,94315,38,West
OP,53634,45,West
OL,16603,95,North
CB,56565,76,North
LK,31171,95,South
CC,10449,91,West
MI,37799,34,North
AF,62253,44,South
FP,60104,62,North
PK,87844,50,West
GO,4205,11,South
CL,21454,46,South
KG,61132,61,North
MM,86043,78,North
PC,29687,48,North
MC,24862,27,West
KK,41578,36,South
FH,97337,67,West
KC,18738,84,North
GF,47751,100,South
AE,10305,22,West
AF,20660,43,West
KM,31419,73,North
MI,74335,57,North
QI,4786,89,North
IL,7350,77,West
QQ,93673,85,West
GA,22761,38,South
DC,1017,75,West
CP,97941,61,North
MC,42861,75,West
FD,58165,83,North
QA,79646,33,South
BH,6062,67,North
JN,81943,81,North
EC,66356,95,North
QG,97077,34,North
CA,27721,10,West
ED,51605,29,North
MP,97929,24,North
GC,74819,45,West
LG,62699,70,North
FL,98034,40,West
MG,63883,18,North
OE,68624,25,West
AH,81618,65,South
NC,63722,58,South
FG,2527,84,South
LA,57451,49,South
PO,65923,51,West
IB,12881,19,South
CQ,12954,20,South
QE,90878,23,South
CA,35969,62,North
LI,64405,76,West
KJ,3753,86,North
BD,89146,80,West
GD,41484,93,West
JM,47492,68,South
OI,87093,31,West
BQ,44909,76,West
ND,17929,17,South
FF,69604,64,South
FG,99227,36,South
LA,40355,77,South
IH,65203,57,South
MN,60164,100,West
OG,55189,30,South
PK,41395,39,South
HH,41567,12,North
BC,86905,25,North
JB,49910,65,West
EH,41665,24,South
MA,76568,86,South
GE,10772,18,South
MC,75222,67,North
JA,87725,22,North
AI,17919,13,South
AJ,78334,98,West
EC,94292,32,South
DN,13296,87,North
FI,17475,68,South
KB,64486,96,South
EL,3487,35,West
PM,86893,85,North
BA,12907,99,South
DH,43734,42,North
EM,55916,57,North
QL,76459,39,South
KC,58359,84,West
JH,6224,50,South
JM,46326,95,West
IP,44870,19,North
EG,5798,58,North
HC,31389,47,North
LB,85759,46,West
DE,85914,100,South
QM,90168,16,South
DL,29951,89,West
DH,56740,71,South
KH,42067,38,South
LB,71093,30,North
MQ,98863,44,West
JI,67618,94,West
CH,8589,30,West
PJ,62207,97,North
KM,66673,73,North
LP,64597,38,West
HO,65866,20,North
GC,34696,23,South
GL,32949,79,North
GD,47370,45,North
NA,64460,70,North
CH,32064,13,South
EH,11506,47,South
IO,9310,58,South
DQ,49042,33,South
QK,27271,77,North
JQ,55742,41,South
EO,19902,66,North
LM,36101,47,South
JO,14804,27,West
JQ,23639,88,South
HB,54057,74,North
EK,16083,49,South
NL,85433,93,West
CP,70132,41,North
DL,62144,49,South
KC,23767,79,West
QB,47107,80,West
BL,87723,29,North
EF,32947,53,South
NP,72634,43,West
QC,47822,26,West
QC,24158,18,South
HA,79398,42,South
MP,59227,30,South
NJ,72585,80,West
KJ,99328,83,South
OC,86705,62,South
II,42204,16,South
LD,50749,20,North
II,63836,55,West
HQ,78020,76,North
KI,40379,79,North
PB,72656,95,South
MO,48032,73,South
AO,44923,61,South
NB,74147,98,South
LF,60648,62,South
QF,32851,75,South
DG,19372,15,West
PQ,33229,93,North
OM,95292,22,South
AK,74277,80,South
KJ,29666,89,West
NP,6581,94,West
EM,55902,18,South
FF,99882,49,West
CQ,39376,60,West
QI,80999,48,South
HP,15837,46,West
GE,50798,13,North
FI,52198,52,West
MH,62405,79,North
HP,83820,64,South
QQ,38820,38,West
NF,63965,16,North
FG,16065,54,North
KF,4484,56,South
IE,90625,47,South
EK,51971,34,North
LQ,80241,64,West
OL,68409,40,South
DI,82806,40,North
CA,95131,59,North
EP,44362,54,South
AN,85697,42,North
IH,71106,41,North
OK,2663,55,West
BP,11837,58,West
AQ,89368,81,North
EQ,71729,55,North
AM,60995,78,West
LE,45844,11,West
MF,77194,91,West
QA,97645,74,South
KN,92782,16,North
IG,8559,87,South
MB,55069,86,North
OA,24217,60,North
BF,40904,70,South
OF,12725,77,South
OE,32483,83,North
HK,9107,62,North
DN,31083,53,West
LH,51055,90,North
HH,31153,94,North
LP,60737,96,West
QN,16585,79,South
EJ,91204,82,South
DB,60358,31,South
PC,97001,80,South
HG,26296,23,West
BK,57132,99,South
IE,19586,85,West
KI,80925,86,North
EJ,95061,100,South
FK,92086,55,West
NE,12264,70,North
GN,20244,15,North
CH,94174,30,West
EQ,54534,71,North
OA,27313,36,West
LE,31075,68,North
EA,87699,18,North
NB,60001,24,West
DP,43665,30,West
QB,48758,31,South
BC,25880,34,North
MQ,61919,30,West
DO,81529,65,North
QI,1589,22,West
DF,55677,10,South
DG,59778,41,South
LJ,98267,48,South
ID,84360,46,North
OH,18194,41,North
OJ,69975,98,West
EG,9099,26,South
FL,88011,63,West
EO,66747,79,West
EQ,95026,81,West
QD,84034,92,West
DP,39629,100,North
OM,70674,82,South
PL,99652,90,South
JK,75464,33,South
OD,80807,32,South
FI,41503,75,South
DH,38066,15,North
QO,73777,54,South
IB,35414,61,South
PE,33919,64,North
CB,99009,78,South
NB,74348,31,South
GK,99880,49,South
FF,65607,89,South
CB,67556,85,South
GI,78941,55,North
KM,45788,70,West
HD,91424,38,North
JC,14437,28,South
NC,57710,41,West
QL,53874,25,North
DI,81488,64,South
IM,71620,24,West
II,37754,16,South
BH,81959,84,North
NQ,95433,48,South
AC,34667,86,West
HI,5670,54,North
NG,40471,47,South
JC,53704,76,North
CI,18930,56,North
QE,12916,34,South
QH,60072,98,North
HO,60281,37,South
FO,59788,48,North
LG,53913,59,West
MI,9915,62,West
GH,18124,70,West
CG,96950,95,North
GL,61463,88,North
DN,82288,25,West
MK,26392,33,North
FK,98123,67,North
NO,68048,16,North
EH,80857,32,North
KD,7542,75,North
DF,8678,71,South
IL,67471,40,West
OB,84194,98,North
JM,19774,60,West
MH,44781,72,North
KA,38238,65,West
BH,32137,90,North
KB,17416,89,North
AF,45017,43,West
CL,59886,98,West
GN,40839,44,West
IG,90796,64,West
OH,70348,76,West
FP,70620,31,North
CN,55745,71,West
MH,25128,50,South
BN,39197,35,North
GE,72030,15,North
NO,10718,63,South
HA,55804,23,West
QP,32135,76,West
MK,36879,57,West
JP,42702,17,South
HQ,63045,66,South
FL,82572,15,West
IF,94160,74,West
MB,33616,96,West
DD,51154,23,West
FQ,11027,39,West
CJ,2060,68,South
IH,79365,53,North
PF,34773,44,South
QQ,77463,90,South
QP,54015,72,South
GJ,39338,85,West
KC,53390,100,West
IL,62790,41,North
JK,20443,78,South
PC,3797,13,South
JG,51375,15,West
MJ,16503,69,South
EJ,97171,21,South
FA,26558,42,North
OL,26007,64,South
PD,89624,29,North
DO,59096,33,South
MC,24590,29,West
DI,29943,30,West
PG,21467,94,South
NA,27617,99,South
JJ,25035,30,North
BL,24887,20,North
QL,34243,48,South
BP,64946,70,North
PD,64073,38,West
HE,90437,47,West
FM,34923,37,South
FL,39019,34,South
LG,72110,43,South
GB,56486,32,West
IM,4189,60,South
QA,63864,20,North
LL,91099,91,South
OQ,9711,96,North
HF,92343,96,South
CG,44048,33,North
CP,67367,60,West
KJ,94196,88,West
MD,59002,57,West
NC,65477,15,West
OC,99558,21,North
DQ,99490,17,West
BH,39843,74,South
BL,21863,70,South
DF,61811,79,North
MI,71806,71,West
PD,32534,23,South
FF,49399,10,South
AL,36160,49,South
JM,56554,83,South
MD,21387,91,West
DG,78854,87,North
PA,83903,95,North
CC,59808,58,South
GA,9143,41,North
AF,74483,65,South
AG,39816,83,South
KL,46754,34,South
EA,96803,69,North
HA,63615,67,West
NC,80067,67,South
FP,95206,11,North
GH,25297,38,North
OG,92413,100,North
BP,57045,15,North
BA,6109,95,North
EL,65803,97,North
QP,84351,88,South
EC,14689,85,West
QM,32166,83,North
IM,67894,68,South
DC,68975,50,West
EB,74745,19,South
PF,37594,58,North
BO,18305,69,South
ME,68744,42,South
AJ,5026,66,West
EL,16299,55,South
QL,18913,96,North
OO,77349,76,South
OC,37110,46,West
DB,15628,31,South
OJ,72299,53,West
NL,4982,70,North
AJ,79011,61,West
EK,94326,95,North
JL,26498,58,West
GI,9542,16,North
LM,27708,49,West
IJ,93992,27,South
PL,19930,97,West
HG,67342,77,West
JC,48312,24,West
QP,97156,99,South
PJ,26101,64,North
LB,96699,99,South
FI,60796,18,North
LL,91114,80,North
FL,88477,27,South
OG,83187,50,South
NL,73247,94,North
KN,1718,81,South
OL,78381,23,West
DQ,31905,51,West
QQ,73430,30,West
FB,91499,10,South
PI,55976,79,West
QG,76554,73,West
HP,5324,91,South
IH,24951,42,South
JO,98881,55,North
QK,88687,52,South
QK,23204,98,South
GP,7295,85,North
CN,98319,85,North
HL,71329,19,South
IB,40998,78,West
KJ,49272,58,North
EB,83644,77,North
MH,17311,88,South
BM,46779,42,West
QM,29755,95,South
HE,87548,54,West
FL,25695,63,West
AK,46661,10,South
KP,72301,87,North
JL,31747,40,North
MO,39988,27,West
PP,71425,64,South
BH,75057,52,West
JQ,17050,79,South
NL,88039,35,West
GJ,64686,44,South
JH,70866,71,South
ML,96459,65,South
DG,81095,32,South
HB,62927,61,West
PH,88937,49,North
AQ,32572,44,South
PJ,92354,34,North
HN,77069,52,North
FD,22295,34,North
JO,74848,30,South
GL,18943,78,South
PE,94716,28,North
CC,50832,64,North
AK,56695,77,North
DO,15715,57,South
QL,19295,37,West
KM,39881,19,North
QD,34289,76,North
BI,10751,83,West
BG,48950,100,West
LB,52961,59,South
DE,42587,97,North
CE,38730,59,South
OM,12004,41,West
MH,34004,54,West
MM,24017,24,South
EF,62331,63,North
MN,15061,49,West
JO,5232,27,West
FF,54516,63,South
KC,392,42,South
PO,54158,69,North
AN,63654,28,North
AB,8771,48,North
CE,92771,20,North
IO,12528,70,West
HQ,37566,49,West
MP,62691,78,South
LQ,99577,47,West
QO,20654,11,South
CM,15015,17,North
LA,44443,77,South
NL,65833,78,West
DI,34105,78,South
GF,13642,50,North
LP,83189,25,North
OE,76287,25,North
FI,73465,25,West
NI,75030,24,West
ED,93386,15,South
MD,78259,65,West
MJ,17201,89,West
GA,26085,13,North
BQ,6346,50,West
IM,72383,27,West
NO,71141,44,West
MP,877,72,North
KM,98516,79,West
CN,84986,18,South
CB,64894,57,North
DB,77749,32,West
OA,79865,25,West
DE,37975,88,North
AL,89924,95,South
IL,48738,47,West
NG,21960,33,South
PB,74641,42,North
CH,40179,80,West
QG,72001,24,South
IF,17907,39,North
EM,79456,47,West
KE,72915,71,North
QJ,2236,73,North
HN,83454,36,North
CE,64777,36,West
PK,31146,38,North
QG,86832,61,North
FH,40260,12,South
OB,33286,39,West
QG,40962,76,North
DG,6256,13,North
HJ,32459,70,West
DE,66357,100,North
JD,42875,41,North
PM,76800,99,West
MK,13789,62,North
KE,69153,84,South
QN,87987,19,West
FK,97277,87,South
MO,77839,64,North
FC,45904,97,North
DF,77115,88,North
BE,22862,71,North
HM,20973,55,West
JA,45264,61,South
DL,63269,52,North
IK,55533,29,West
KK,39173,67,North
IH,36704,19,North
GM,88005,24,South
EM,71880,55,West
PC,28050,78,West
MN,32996,16,North
PL,5851,30,West
FP,12029,90,North
NN,59696,24,South
AQ,35364,96,South
AA,19832,93,West
HD,29078,20,West
FL,20204,17,North
HM,20604,93,North
IF,11021,62,South
JB,1662,80,South
CE,4188,78,West
KC,32147,37,West
ND,40383,57,North
GC,1472,34,North
NM,355,40,North
HH,27904,91,West
BJ,41237,33,West
IC,90268,29,South
EM,88808,37,North
KO,85658,54,North
KM,29334,83,North
IE,64045,43,West
GB,80314,52,North
JO,7929,96,North
MJ,34692,80,South
AQ,62916,98,South
JM,27717,93,South
OC,73369,50,South
NC,57407,14,South
IA,37523,20,West
QB,48943,62,South
KD,4019,49,North
PC,44908,47,South
QK,59170,24,West
LQ,35480,73,North
PN,46359,15,North
OK,26495,26,North
JF,1340,86,North
BE,19108,43,West
AI,95081,82,West
NN,44553,67,North
OK,72053,31,North
AO,93234,91,West
MI,26535,15,North
GG,33867,97,South
CK,24597,43,North
JK,24434,97,South
FB,6941,92,South
QB,19326,58,West
QJ,99061,69,North
LL,13824,70,West
LC,4562,24,North
NG,80001,48,West
LD,89619,19,South
PD,25676,12,North
EE,35017,29,South
CO,3791,87,South
KM,8287,33,North
CN,54974,59,North
FC,91935,99,West
AP,31928,17,South
QG,609,99,West
CE,83397,39,North
FD,71069,61,West
KN,77330,61,South
AI,8783,65,West
AF,73931,92,West
CJ,39373,19,West
PG,80359,20,South
FO,57387,31,West
JJ,87899,22,North
FC,22610,48,West
DQ,44531,78,South
DQ,45513,30,West
PN,59527,31,South
DM,53641,85,North
KM,2613,95,South
HG,35136,52,South
FK,28092,69,West
DM,83680,12,South
NG,65741,18,West
FG,52798,38,West
MC,49672,16,North
PH,6616,71,South
KA,10833,24,West
CN,30822,36,South
NL,133,35,South
OO,19043,34,West
OB,14810,56,West
CE,68473,13,South
PC,20454,99,West
KH,83418,47,North
HO,9164,48,North
CP,19740,22,North
GN,83767,12,West
OK,32358,61,North
GJ,13178,18,West
FM,19638,90,South
FA,12426,23,North
HQ,16272,36,North
KC,3604,21,West
FE,93861,54,South
FD,74718,80,West
MN,77056,61,West
EC,71722,87,West
GH,72336,85,West
QB,93360,41,South
BD,10891,79,North
LJ,77262,32,South
GA,79238,56,South
AC,71127,93,West
EQ,32780,24,West
PC,27001,92,North
FG,10797,46,South
JK,44934,89,South
KJ,60852,48,South
GO,51883,74,South
AI,16920,49,North
EN,73435,10,North
CO,22965,18,North
BG,78490,74,South
IG,89714,95,West
NK,94458,31,West
CC,86017,99,West
NG,5241,47,West
OG,65828,75,South
GP,26039,48,West
CM,76114,10,North
QC,59930,48,North
HI,71397,67,West
FA,73203,91,West
PF,99483,57,South
KO,22341,45,South
OJ,39490,44,South
MJ,54167,80,West
MF,84099,46,South
BP,7603,70,West
DH,50516,60,West
KQ,16370,61,West
EB,35372,39,West
LO,35560,79,South
MG,65466,89,West
OK,32127,100,North
KD,56542,25,North
GP,39987,85,West
OP,34901,57,West
HE,73797,23,North
LA,43879,56,South
JF,44660,94,South
HA,47938,99,West
LA,49794,95,North
GI,89670,37,South
AM,17336,50,South
OC,6832,33,North
NP,89201,20,West
KN,21844,75,South
JO,31180,92,West
HB,72509,12,South
QL,96076,77,West
HO,41728,34,North
JN,19177,71,North
EC,32304,33,West
DL,10977,93,West
DM,56725,51,South
LI,40165,80,West
LD,25972,25,North
CF,78802,99,South
KJ,67102,10,West
ON,56442,87,West
LH,61283,43,North
QG,46976,16,North
ME,62213,66,North
CF,42734,30,West
QN,92757,64,North
ID,9607,40,North
FL,86356,96,West
OO,18886,58,West
QJ,41360,88,North
MK,79024,82,West
DB,89751,65,West
IA,25897,60,South
OF,566,82,West
BD,3192,23,West
QM,94700,49,South
DH,50150,72,South
CF,9289,61,South
OA,60028,44,West
BB,70690,17,South
FD,78651,61,West
EH,33581,61,West
CQ,29389,83,North
AC,11814,85,North
OB,48977,89,North
IQ,49042,69,West
NF,25288,50,North
KN,65331,10,North
EA,73243,11,South
DL,79248,51,South
NG,38352,35,South
NA,61280,59,North
QJ,9672,23,South
AK,97741,16,South
KQ,24644,20,North
EE,15102,65,North
FI,66863,51,North
JL,78395,92,South
GB,85658,63,North
LE,12503,82,West
HJ,59788,100,North
BJ,45764,72,South
GP,60915,57,West
PJ,79523,94,South
KE,65683,80,North
NJ,2938,20,South
HN,37217,35,North
KC,95624,62,South
PA,9735,95,North
HC,8387,58,South
KA,58483,74,North
ED,33562,25,North
QK,60068,57,South
NI,56263,24,West
ON,62188,38,South
ID,79429,43,South
BM,45598,51,South
MF,97802,33,South
CA,39026,99,North
KG,89777,50,South
QP,45497,70,North
ML,18398,100,West
OB,83321,30,South
BL,76941,11,North
MB,72698,16,West
DL,30701,84,North
DI,84128,29,South
LH,86994,63,North
OF,61766,70,South
DJ,51908,46,West
AQ,98945,45,West
BK,9292,89,West
LI,45285,33,North
HQ,79977,49,South
AH,86950,41,West
KA,69648,69,North
JA,19226,35,West
KI,88205,100,South
JB,63957,43,West
BG,41189,62,South
LM,51238,68,North
LM,19183,58,North
CJ,24066,66,West
EF,87210,66,South
HO,311,98,North
JQ,4793,16,South
LN,29703,81,South
LC,51991,25,North
GF,98623,87,West
KC,9977,95,North
OK,97673,65,South
IN,40871,78,South
MD,38588,59,North
NG,70011,53,West
PN,68336,86,West
AC,9549,79,North
EI,6789,62,South
JO,69964,11,West
FQ,4309,71,South
CK,55834,89,West
OH,78975,50,West
KP,69571,52,South
ED,21299,43,South
PF,22462,52,North
HC,30970,55,South
FL,18625,43,North
IM,69656,44,North
JJ,85271,60,South
EM,43521,33,North
FM,24338,89,North
KQ,1036,22,West
BQ,12770,74,North
FP,5718,59,West
HA,12132,57,South
FA,3741,58,South
LH,52032,89,North
CD,95272,33,South
QA,62656,40,West
QD,20257,73,North
DC,55279,91,West
IL,96248,73,North
JA,61607,84,West
MH,20325,53,North
KI,16494,23,West
AK,66080,59,North
BI,4986,19,North
FO,74314,78,South
LE,54838,32,North
CE,82573,15,West
QP,91146,63,North
IQ,2841,30,West
HI,51927,66,West
BQ,16879,55,North
NK,89323,45,North
EE,52927,73,West
JJ,96128,94,West
BK,83560,50,South
AN,15081,53,South
GB,89266,36,South
MA,95936,88,North
CC,2971,20,North
NE,71354,53,North
OG,78445,31,South
BJ,14878,16,South
PO,69589,68,South
CH,17705,61,West
OI,70379,42,South
ID,59790,15,North
FB,64975,85,North
JJ,49962,22,South
CD,23628,47,South
NM,50846,22,South
MI,21334,72,South
NL,80023,14,North
MB,81358,20,North
JF,2907,86,North
NH,15509,27,North
GL,8928,58,North
AC,49029,80,North
NN,75849,68,South
KB,72678,43,North
DQ,44453,38,West
AK,94504,88,West
IH,48486,70,South
CK,58866,17,North
DO,7267,44,West
PG,1489,85,North
DN,39571,87,South
IN,81652,67,North
DE,23576,39,North
FJ,65472,47,West
QO,64356,90,West
GD,9741,16,West
OP,15360,68,West
GG,50773,92,North
DD,82510,24,West
PL,89414,50,South
KF,4478,31,South
GI,54656,86,North
HK,24776,63,South
QO,44339,24,South
PH,34009,80,South
HN,24918,84,West
GP,46266,38,North
AK,37566,20,North
HN,73583,24,West
EN,14409,68,North
FI,23619,61,South
CB,87165,28,North
HC,29383,56,West
FM,6426,93,North
OM,86950,91,South
GF,31756,100,West
HO,54484,100,West
BL,86935,12,West
QB,53461,79,West
GQ,20963,17,West
BC,98633,74,North
QA,96933,75,North
KP,22598,39,West
JC,96360,28,North
MB,23145,79,West
IE,2973,31,West
PP,10758,34,South
BG,20902,51,West
HE,77569,70,South
JQ,5206,81,West
QA,50599,70,West
DD,99190,14,South
DP,42446,50,North
ED,82837,47,West
DO,36945,49,South
OB,46827,22,South
CA,33681,57,South
AE,59050,39,North
KC,67638,31,North
LL,51972,45,West
PC,61530,11,West
QD,98897,18,South
FI,93153,54,South
LK,73542,74,West
FM,19797,89,West
BC,92956,27,North
LM,22652,31,South
OK,83624,81,South
QD,56205,83,North
BB,63018,35,North
PQ,33646,52,South
FQ,40990,92,South
HB,67745,56,North
FQ,35391,98,South
NI,78220,66,South
IP,91933,89,West
OK,69923,47,North
OE,81004,96,South
NJ,72721,94,North
MJ,43039,82,North
BB,38090,48,West
OD,79296,59,South
QB,3456,29,South
IN,86016,30,North
PD,78112,84,West
QM,75049,83,West
OP,8740,85,West
NO,34696,45,West
BL,39445,38,South
QO,80679,100,West
II,97957,67,West
QM,72691,34,South
HJ,54391,29,South
CD,31711,54,West
CM,90639,31,West
EG,10404,83,West
GG,66550,67,North
HN,43445,17,South
KO,48152,49,North
QL,97014,82,West
KG,12826,51,South
MO,14019,67,West
LH,21162,26,West
EP,307,32,North
FK,17235,77,South
FB,88147,82,West
PN,67456,29,South
KP,29385,46,South
HP,93479,90,South
OE,30966,25,West
KQ,71583,22,West
QA,97301,89,North
JH,54757,34,South
AB,87157,69,West
OO,45709,81,West
KJ,5392,90,South
BA,47482,39,South
LB,4247,78,South
LQ,76488,90,West
CO,57739,47,North
DA,90532,94,South
QD,97934,11,West
FL,41785,11,North
AA,74708,23,West
AJ,57014,55,North
CD,62708,26,South
BQ,71309,10,West
AJ,14831,40,West
KQ,7012,42,South
CH,42247,20,West
DB,2871,93,South
MB,85425,96,North
KA,56434,73,South
QN,61917,74,South
PN,72740,91,North
BH,74255,20,North
JH,14911,34,South
JA,95640,20,West
JP,6353,43,North
OI,27028,64,South
BM,48011,29,West
MH,91722,57,South
QB,76941,75,South
FP,2698,74,North
KH,12033,20,West
ED,78086,37,West
KL,54814,84,North
EP,43221,59,West
ME,83802,45,West
QO,11869,71,South
CQ,98207,84,South
LB,1007,78,West
OP,38829,35,North
GI,76912,89,West
BE,82086,99,South
NQ,43393,59,North
MN,59105,81,North
MC,62105,31,West
IF,86233,26,South
BH,79655,72,West
AN,35156,42,South
DC,52326,13,North
DK,20565,59,North
NE,81463,94,North
PL,71393,30,West
IN,58578,98,South
AM,62186,90,West
NI,51482,25,West
CG,77830,69,West
NK,17313,53,South
BM,60196,71,North
HD,289,90,North
QC,48450,96,South
MD,63794,97,West
QB,38323,76,West
LC,49580,35,South
OO,85889,37,South
HQ,17855,57,North
KI,58804,43,North
JF,33117,31,South
ND,83268,57,South
DQ,68519,84,South
ML,84498,40,North
JC,98645,38,North
KO,78708,54,South
AJ,74356,31,North
AM,70812,26,West
CQ,29441,71,South
OO,20673,98,South
CI,5569,97,North
EP,86692,48,South
OL,52007,15,South
DQ,99378,66,North
AM,96438,47,South
CG,63539,94,North
PP,42531,25,North
ND,92546,88,West
EC,8296,66,South
IB,54410,39,North
JN,87854,43,West
ME,53001,79,North
QJ,19269,35,West
OP,60771,46,North
JH,40879,39,North
OM,92555,26,West
PO,11622,69,North
ID,95809,58,South
HP,38783,56,West
BJ,59468,43,West
DL,65189,58,South
LB,15601,88,North
IF,22710,92,North
GK,57898,86,West
BL,90304,46,West
GL,98459,70,West
OO,68,70,North
NK,44241,48,North
FN,90589,90,West
JO,66043,86,West
OM,32894,15,North
KO,73483,65,North
MA,61933,45,North
EK,89504,45,North
GP,79682,32,South
NQ,87743,14,North
JO,2341,59,North
LM,12917,12,South
EK,28861,52,West
IA,3683,27,South
AD,97912,100,North
HJ,67779,67,North
AQ,38826,98,South
AD,60566,83,West
IF,67709,63,North
OK,59681,39,North
NH,28539,17,South
JJ,7181,79,South
BA,59269,47,South
EA,30622,29,West
CF,41193,75,West
GP,28480,64,South
FN,37668,45,North
KI,27638,48,South
JQ,54065,66,South
BB,26635,88,North
GI,73977,76,South
GN,35486,13,West
HH,50771,90,North
OM,935,23,South
LM,47003,11,South
IA,33303,57,South
OL,90089,52,West
FP,41630,29,South
JM,98623,69,West
BJ,41790,55,West
FH,76165,11,West
CP,21269,100,North
ID,27665,97,South
PG,14706,59,South
LN,24896,66,North
QP,58918,15,West
DN,43900,39,West
HA,31145,11,West
DQ,96385,62,North
JD,58415,24,North
MM,95276,30,North
BD,34219,42,South
CJ,93928,11,West
QN,5009,53,West
DE,94780,88,West
HQ,20034,43,North
QI,36558,47,South
GQ,17559,65,West
QF,65775,16,North
GC,37883,73,South
OH,32934,48,North
FL,84523,39,North
OA,90765,48,West
OH,33172,40,North
NE,13867,90,South
LM,5805,19,South
PJ,16477,48,South
FO,51747,71,West
EL,16147,57,South
DF,45219,22,South
DA,67465,69,West
PL,85214,100,West
GE,96339,84,West
MM,53663,100,West
MB,47792,83,West
ML,21107,71,West
FC,22805,83,South
LI,14010,20,West
AK,77728,32,South
LC,88220,99,South
KD,63736,25,South
FF,28011,16,West
ME,69352,89,West
HI,83523,64,West
KO,64549,36,South
LB,8827,82,North
EF,93557,97,South
QA,81410,49,South
LH,23232,54,North
DC,95005,24,North
NH,85345,18,West
KI,57752,61,West
EF,67040,72,West
CC,57995,81,West
JG,28294,22,North
GJ,88772,46,North
KK,21309,42,South
FP,16965,73,West
OB,13077,35,West
BI,81515,67,North
JJ,28273,85,South
KP,97339,82,North
NM,34317,13,North
OD,16393,21,West
AL,60457,41,North
MF,68094,59,South
AH,88611,71,North
NP,12326,57,North
HB,97960,59,South
HE,10077,83,North
GE,94495,46,South
PP,60196,47,North
KF,44295,40,West
PG,48869,84,West
BM,46979,61,West
JK,85,96,South
CN,90313,31,West
HD,70559,74,North
CF,26666,36,North
DA,18562,23,North
EP,20035,44,South
BF,5071,34,North
EL,80334,43,West
AL,7527,11,West
HK,35837,40,South
MG,92016,93,South
BQ,80043,78,South
EI,69026,83,West
QM,14145,60,South
ML,45636,96,South
LN,45110,24,West
IC,46653,63,South
DF,20284,13,North
EN,91824,48,South
EF,76750,60,South
ML,14977,42,South
NK,31310,74,South
MQ,20970,59,West
JJ,43546,42,West
OA,93930,75,South
CF,9519,89,West
EH,91316,75,South
FH,10592,38,South
GG,18303,34,North
QQ,95670,46,West
JC,83753,88,South
LD,46397,84,North
FH,30476,29,South
HF,58219,85,West
LI,47835,35,South
MK,12687,80,South
EF,20807,12,West
EK,84535,26,West
BQ,40093,68,South
EB,60065,56,West
MG,53680,82,North
KK,29524,67,West
KD,21656,95,West
LG,94665,26,North
ID,18377,65,North
DJ,55895,95,West
OK,86011,50,South
BH,88639,79,North
CQ,45394,37,South
LJ,18986,48,West
AG,61281,65,West
JA,36059,25,South
FH,56867,45,West
NH,63709,91,North
QG,4609,89,West
NO,51022,46,South
AC,71549,98,West
HG,1217,32,North
EI,56554,91,West
DN,7498,67,West
DA,24059,48,West
PH,84782,15,South
BP,96104,70,West
IA,77576,30,North
DI,34663,98,South
BI,33377,85,West
OA,55044,98,West
AJ,19496,27,West
HC,7750,33,West
HG,14832,25,West
NG,57535,39,South
IE,61506,45,South
HC,26620,88,West
CI,40529,56,North
ND,18139,12,West
IC,61593,24,South
BI,94110,47,North
BO,77469,44,South
GJ,19773,60,West
BK,39453,27,West
HB,6497,84,South
GE,63033,30,West
IK,44365,38,West
EP,59279,73,South
NB,5679,83,North
HL,15480,38,South
MG,82368,90,North
MI,3471,70,North
EC,52401,12,West
HO,47294,50,South
QH,2505,91,West
CO,70222,72,North
DB,21095,48,West
MM,9347,96,West
KQ,79879,27,West
CJ,14968,35,South
DN,21625,16,North
ED,72615,83,North
FQ,1455,65,South
KJ,74532,34,West
MH,91371,81,West
JA,70258,22,West
MK,57857,49,South
BP,36126,64,North
CF,9794,86,South
BE,18382,49,South
LO,1704,42,South
KJ,54645,39,North
GC,75188,79,North
LL,21938,13,South
JQ,10034,61,South
QF,77520,84,North
AN,56827,53,South
DM,78363,57,South
LJ,49049,26,North
PN,61262,22,South
NM,63087,92,South
FM,24051,40,West
CF,27638,25,West
FL,86667,80,North
CM,8034,59,North
HG,8550,80,North
BM,7007,32,North
LO,7170,75,South
BQ,96465,39,South
CH,28038,21,North
AK,82379,67,West
EG,4013,90,South
PP,98960,27,North
OF,56035,77,West
DC,63538,64,South
IG,92461,50,South
PM,44406,61,South
GH,84729,67,West
EC,3129,78,South
FM,28338,58,South
QM,94584,61,North
QQ,96933,72,West
QO,4654,36,West
PE,37645,35,North
AQ,69682,77,South
CI,96764,86,South
NQ,21522,61,North
LH,9696,73,North
FO,54137,44,South
DG,49091,78,North
GE,60475,34,South
EJ,40155,55,West
IK,45120,92,West
NC,92759,49,South
GB,27307,60,West
ON,91904,32,South
DP,74108,57,South
PO,83896,68,West
FM,60220,59,West
BM,80569,40,South
IQ,99579,51,South
NE,14899,73,North
PF,14632,66,West
MJ,33669,92,South
MB,83263,42,South
AB,88332,65,South
PE,5606,78,South
OG,31577,67,South
CQ,54667,96,North
DG,79009,22,South
IL,92,27,South
JG,66391,27,North
CM,68508,78,South
BL,86290,51,South
GL,75087,10,West
FN,22887,58,West
CO,6382,90,West
PI,36303,46,West
DD,84754,44,South
EM,94069,27,West
FB,34589,22,South
QA,3674,51,North
OJ,16443,58,West
CL,43424,70,West
OD,25890,67,North
IE,50268,44,South
AN,88790,28,West
NO,75388,76,South
JO,86335,58,South
QL,81106,49,West
ND,43937,83,South
KO,65747,92,West
GL,27274,36,South
LL,1275,11,West
DD,14822,26,West
CJ,51311,81,South
PC,60957,77,South
KD,16947,12,West
HC,89206,40,North
AQ,19093,72,North
EB,80512,85,South
MF,43628,68,South
OC,17316,29,North
FH,63097,69,North
AG,13821,27,North
LN,34052,97,North
FI,23259,25,West
HP,7508,76,West
QG,68348,81,North
CM,51695,87,North
LP,87209,77,North
LG,35273,27,South
AB,37463,56,South
MC,9321,19,North
HP,37413,66,West
PJ,83533,94,West
KQ,21051,30,South
HE,89104,14,North
DA,29017,55,South
FC,4494,58,South
LG,72231,27,North
AI,22113,39,South
IJ,40560,93,West
DJ,74623,23,West
CF,61613,93,North
KH,15128,68,West
HJ,12075,67,South
GA,17798,20,West
FF,19370,57,South
IP,58937,82,North
BO,45029,47,West
DG,28683,71,North
QQ,93993,80,North
GN,66960,36,West
DQ,19119,18,North
DC,27609,58,West
GN,15454,77,South
AQ,28603,81,North
BI,2851,12,West
OQ,75747,79,North
DJ,41320,23,West
BQ,11914,52,West
LL,92897,62,North
NA,80998,75,West
PC,28073,56,North
BD,10547,80,North
OG,21837,94,North
CN,50974,27,South
OJ,51761,10,West
DC,93646,70,North
KQ,22672,64,South
DK,81192,93,West
JQ,32111,97,West
JD,14820,12,West
HE,9567,38,South
CF,64077,92,West
KJ,22412,81,North
MN,3299,90,West
NJ,35745,69,West
IF,19306,54,West
OE,10875,26,West
AM,98251,92,North
EM,60792,37,West
GG,38838,85,South
GA,62408,57,South
AE,68927,64,North
EI,51739,20,South
EQ,46688,90,West
HF,29624,42,South
MJ,20372,39,South
QD,61954,85,North
PD,52034,91,North
PM,60367,67,West
CD,50288,29,West
LQ,23603,50,South
LC,70105,42,North
KM,26904,35,South
FC,93935,67,North
DP,42547,97,West
NB,98333,59,West
BO,99933,22,South
CN,81728,27,South
LH,2647,90,North
EG,83288,30,North
PA,7702,70,South
EG,31703,63,South
LQ,77868,13,North
KL,21613,91,South
CH,22162,25,South
OA,4498,57,West
HC,60669,15,North
FQ,66303,51,North
FL,71721,50,South
IJ,56698,68,North
CI,81047,76,South
MA,95953,58,South
PP,63101,28,West
AF,46818,43,South
FM,64246,96,South
AA,80998,94,North
AI,32517,37,North
JD,83526,78,South
HL,93384,82,South
KP,59119,85,South
QC,11576,23,North
DN,29311,37,South
JJ,29928,35,North
BI,72025,90,North
DL,85091,56,North
IQ,96139,78,North
MC,1852,48,South
IP,73664,66,North
IL,35930,24,South
BG,86445,30,West
KA,63002,49,West
IQ,80115,77,West
AD,34860,62,North
KH,54450,89,North
BO,36731,68,South
HD,71788,10,North
HE,56892,70,South
HI,31619,21,South
BA,75704,65,South
AI,86262,67,North
HH,71239,18,North
NI,73866,39,West
KG,19585,11,South
DF,200,95,North
HO,55608,34,North
EK,68010,25,North
MH,87196,14,South
II,3802,19,North
MG,73264,81,West
FK,63091,81,West
IH,20934,58,South
OB,64389,13,North
CF,68863,53,West
EB,27820,68,West
LG,18265,13,South
HP,24411,44,West
FQ,85383,41,West
OI,39203,62,South
JB,3108,80,North
NI,89498,72,West
FN,50696,60,South
AB,69407,23,North
HK,16237,92,South
OB,97967,18,North
NJ,84945,56,North
GG,14457,27,North
GN,3486,22,West
OI,19277,27,South
KC,86859,81,North
CF,17475,92,North
DJ,12596,29,South
HJ,24956,25,North
BL,82986,67,South
EC,10831,11,North
MB,83221,91,South
KF,17506,58,North
EL,24815,17,West
NO,97828,30,West
IM,16709,80,North
JL,57141,18,South
QG,89429,46,West
IO,28029,86,West
NO,98337,41,West
BK,57039,59,South
GE,87533,70,South
AA,4461,25,West
GN,70516,65,West
AB,83251,95,North
FC,66201,48,South
AC,27958,35,North
AO,83330,28,North
KK,43063,88,West
NE,29420,12,South
QI,29956,30,South
MK,90140,39,South
MJ,60563,30,West
FK,20684,54,North
JJ,40353,11,North
EN,30671,55,West
LN,6847,62,West
KI,43365,15,North
LB,97198,76,South
BN,72675,51,South
IM,4889,21,South
LJ,77528,64,South
LA,87453,53,North
IE,32911,19,North
LE,97265,87,North
EL,83749,93,South
HM,86475,98,West
ME,84961,94,South
AF,71152,69,West
FH,70338,84,South
MC,99093,76,South
QK,92500,90,North
NE,59124,43,North
CC,2621,39,West
CG,45210,74,North
LE,47524,57,North
EM,90676,50,South
DB,93671,35,West
FC,85982,89,West
DP,72633,49,North
MD,66394,12,South
HC,68659,28,South
OB,30929,27,North
ED,2575,33,North
GE,36151,31,South
PG,872,44,North
KK,32169,46,North
PO,53154,99,West
IN,65079,20,North
JN,44392,84,West
BA,97564,56,West
JI,21337,67,West
PL,29379,68,North
CN,83311,53,North
PI,19631,57,North
IQ,84573,40,North
AJ,52865,78,West
DP,15886,66,North
BC,31957,21,West
KF,11795,59,West
FB,38879,74,North
GB,48285,72,South
GO,20832,60,North
KH,71941,39,West
IB,52122,83,North
LF,74645,98,North
CA,24264,37,North
LG,13753,73,South
JG,57445,63,West
GM,43463,98,West
DK,26528,47,South
FF,1607,62,South
LC,61822,19,North
AC,54010,74,West
BB,37116,16,South
AL,55518,40,North
FN,68446,13,North
NA,98758,76,South
KC,33335,11,West
KP,50549,63,West
PC,5206,79,North
DH,56102,49,South
IH,54545,38,North
KI,29990,63,West
FP,12670,39,South
PJ,35641,49,North
BG,7656,73,North
CH,18097,65,North
IA,88573,40,North
GN,40360,39,West
NI,88060,44,North
OD,62359,30,West
ME,68357,33,South
EE,13196,24,North
LO,17424,47,South
AH,86228,60,West
PB,68727,55,South
BI,39373,68,North
AG,9376,19,West
KQ,60657,91,South
JO,64843,99,West
NB,19593,20,West
CA,91833,49,West
BG,35398,54,South
QA,2148,96,West
MM,99902,49,North
PJ,72361,61,South
EO,124,21,South
JD,15635,14,North
NG,92508,51,South
CQ,36194,91,North
KQ,83038,47,South
AN,42137,74,South
OP,22405,66,West
PI,81684,69,West
PQ,45344,47,North
HC,8570,71,North
KO,13315,24,West
IK,82270,33,West
FQ,15004,38,South
BH,76852,92,South
AE,75527,17,West
PN,24084,87,North
MK,75124,20,South
BP,15895,57,South
CE,96950,28,West
AK,19929,75,North
MN,61565,63,North
KP,87891,21,West
JB,62996,12,North
EK,56705,90,North
OG,40149,30,North
HJ,283,78,West
BE,70031,60,North
AO,99602,61,West
NB,33420,74,South
FK,37382,12,South
PN,23437,33,West
QK,95567,94,West
PL,56188,12,West
AH,21053,39,North
BB,52027,34,West
FL,9082,34,North
JF,94790,83,West
HC,29487,99,West
FB,47017,39,South
LG,21120,31,West
OA,5756,97,North
OJ,25198,67,North
QH,64598,73,West
FC,1645,16,West
JE,68919,48,North
LD,37894,90,North
BF,37667,23,West
II,41097,73,North
JA,96925,44,North
II,51144,61,South
EG,62881,51,South
KK,80849,20,West
OL,66163,85,North
CD,87909,42,West
KD,2840,76,South
HG,40953,12,North
BF,93751,23,West
OL,48789,38,South
KI,8050,69,North
AL,23895,34,West
JQ,89641,59,South
LF,40618,96,North
MN,20119,23,West
AN,67208,65,South
NK,56226,87,North
LO,23992,95,North
FG,68293,22,South
CP,799,91,West
HA,66894,77,West
AC,91534,44,West
ED,79563,84,North
OO,28924,72,West
PL,67658,71,West
NQ,25525,56,North
JH,28203,42,West
DQ,95702,76,North
IC,41627,15,North
GE,29943,70,West
OC,95486,100,West
AE,54168,22,North
NK,31903,11,South
KD,42428,56,South
MB,74568,15,North
PM,45850,81,South
BF,55214,95,South
CA,48197,17,West
KH,28902,39,West
DC,23499,16,South
HB,67213,80,South
JH,951,50,West
HJ,48155,23,North
IK,10008,13,South
KN,95738,92,West
AD,47540,100,South
IO,70816,20,South
ED,67257,75,South
JF,31529,63,South
LH,64194,91,West
OF,90974,40,North
BP,33803,32,West
FB,747,17,North
HA,14583,23,West
LM,89314,57,North
LM,40357,33,South
CB,54643,48,West
AK,12072,14,South
CF,90336,72,North
BA,76951,14,South
AD,92348,42,West
IL,47710,11,West
OD,34548,25,South
IA,7846,63,North
AK,86542,29,North
BI,86478,65,West
IB,3009,14,South
QE,41786,95,South
DH,52673,95,South
OK,11828,66,West
IG,23442,80,West
KI,38157,94,West
AB,7555,97,South
KQ,29265,78,South
JA,72407,56,West
DD,16342,47,West
FJ,35094,31,West
BB,37331,99,West
QM,2960,34,South
JO,20634,49,North
OI,60372,23,South
OI,7434,83,North
QE,89159,62,West
EC,70846,22,South
KP,80383,39,West
GE,50592,92,North
IJ,33004,40,North
KN,66612,81,North
AH,38497,86,North
MA,94218,10,West
HD,5117,11,South
JE,12525,50,North
PK,3605,10,North
CG,41242,18,West
JB,64162,32,South
NL,83680,19,South
EA,89594,81,North
EJ,68175,83,West
DC,37577,75,North
IB,54390,35,North
FN,3934,22,South
OO,42534,96,South
JP,27571,14,North
BM,22136,62,South
QN,46624,92,West
GQ,78870,75,West
DO,39935,17,North
KM,13232,67,South
QM,2969,16,North
QM,9182,20,West
HL,19235,80,South
NN,78652,11,West
JI,3313,46,North
DH,42272,61,West
FD,81861,79,South
CF,64716,68,West
CF,64423,73,South
JN,5743,59,North
PJ,22975,49,West
GH,58267,90,North
KK,13356,25,South
MF,86588,85,West
QH,63158,13,North
BL,13293,29,North
AF,43065,50,North
DD,7728,12,West
JC,40034,81,North
KH,42751,23,South
MG,48547,86,South
JK,9511,69,South
ND,10293,68,South
AO,34058,95,West
CF,61954,84,South
PH,91509,34,West
FI,50192,71,North
FO,19178,10,North
CG,50320,24,South
QL,32174,45,North
DL,28370,73,North
IQ,12721,77,West
MK,81701,93,North
DP,35580,30,North
QJ,42718,42,West
QO,34599,57,West
MF,44121,77,West
KM,25346,92,North
JA,28024,44,West
AE,84383,89,South
NO,4514,31,South
PE,32481,85,North
PJ,78599,50,North
CM,10903,65,South
GJ,28378,49,West
EH,95669,43,West
PH,70196,54,South
GC,34110,87,West
MO,26558,53,North
KB,40997,84,South
KF,83388,17,North
EG,17493,67,South
CN,94508,30,South
QF,14103,33,West
ED,6435,37,South
JL,64374,99,South
JE,96021,82,West
QJ,63085,75,West
KO,10399,91,South
BC,49948,60,West
KC,25148,89,North
KI,25146,55,West
DF,83292,90,West
MA,68538,73,North
QN,7142,52,West
AB,42389,23,West
IC,85803,50,North
GL,30879,95,South
HA,29846,22,South
NM,43313,21,West
CJ,14586,75,North
HI,10081,87,West
OE,50969,22,North
AQ,95252,63,West
FC,8556,75,North
BG,20502,19,West
HD,63335,96,North
LI,24761,35,West
CM,44682,67,West
IA,96598,54,North
ED,75882,69,North
BJ,62037,35,West
HF,64160,69,South
PO,85543,31,South
PF,85595,85,South
QI,56535,32,North
KP,89534,36,North
OE,93853,92,West
IL,79400,26,South
OB,62755,85,South
GK,62633,93,South
KJ,81142,17,West
CM,66302,96,North
LC,37082,99,South
JH,98814,32,South
FD,38951,40,South
LB,71775,63,West
HB,33018,73,South
NI,93355,28,North
KI,28548,10,North
JM,64560,33,North
AI,94619,13,South
HH,8193,48,South
CD,64781,12,South
FJ,47798,17,South
NI,46395,75,North
EA,65008,57,South
BP,23029,72,South
PQ,33881,50,South
LB,58060,29,West
KB,77265,11,South
DA,13015,85,South
QJ,84839,33,West
GE,40478,19,South
NB,66632,96,South
GQ,70233,42,West
JA,19042,23,North
KD,76115,62,West
QM,91203,83,North
AB,8969,56,West
II,96893,74,North
AF,22511,38,North
MK,4524,99,South
GA,38815,42,North
MD,86962,67,West
KK,54775,44,South
EO,42775,75,South
GN,87997,13,North
DN,54815,69,West
FB,74274,40,South
DM,36665,38,North
LH,67600,22,South
IH,83196,47,North
FI,8172,83,North
AF,69468,76,West
GH,37474,79,North
AP,48316,50,West
PK,56509,58,South
OD,7538,94,West
ME,97912,48,North
OL,2008,52,South
NN,4627,78,North
GC,51311,44,South
QD,30052,74,South
IC,33523,31,West
LB,19647,67,South
OP,9737,45,West
GL,52481,55,North
BK,64911,64,North
NB,58326,25,West
OK,36625,27,West
LL,35351,63,North
OJ,21774,67,North
BH,78119,13,North
CH,29543,98,South
BC,68447,58,South
CI,4131,42,West
MO,56193,88,South
LN,81397,96,South
DE,70255,31,West
MA,45290,35,South
EQ,99676,82,West
AN,60298,58,South
PK,80835,65,South
MD,74216,50,West
LK,61147,74,South
OO,60345,14,South
AB,8413,82,South
FB,74364,82,South
OH,11453,71,South
OI,30574,28,North
PQ,37956,78,South
FB,3790,88,North
LI,66840,42,South
NC,25921,64,West
MH,40021,18,North
FB,77171,63,West
EO,66351,68,South
GP,74300,54,South
GO,90985,64,North
BQ,12331,56,North
IM,78500,66,South
CD,31627,61,West
GE,80238,16,North
KE,148,51,North
HL,2238,68,North
MH,16901,12,West
NL,91323,24,South
BI,74053,21,West
QQ,66916,61,North
MI,18122,55,South
QB,64087,11,West
HF,79396,26,West
JL,64356,45,South
JQ,22455,49,North
OL,96079,70,North
BG,35863,89,North
MO,94239,24,North
IK,56666,86,North
IH,95738,80,North
QI,93584,16,North
CQ,49187,74,West
BC,16142,29,North
EJ,70539,98,North
DN,30877,47,North
QI,24287,19,West
GA,29375,52,West
NJ,58092,23,West
BA,44158,53,West
NF,23801,97,West
GN,97531,12,North
IF,95290,19,West
EH,75659,36,West
QP,44442,53,West
MK,93222,71,North
EE,86412,39,North
EN,90397,12,North
JN,60997,96,North
MC,94394,80,North
KJ,68990,96,South
EI,94857,34,South
PM,81436,89,West
BI,24696,51,North
HM,98810,53,North
EM,44235,81,South
IL,52442,73,North
MH,77977,33,West
PL,40276,24,West
KC,78957,78,West
KF,16088,57,South
JL,79381,15,North
EB,9536,75,South
IC,20818,40,South
MQ,42742,20,North
PJ,66981,21,South
DK,75336,51,South
AE,35934,26,West
CI,8676,70,North
OG,59587,28,West
AD,74540,77,North
IB,20737,90,South
KF,24360,47,North
OG,54598,83,South
QK,71491,36,South
FQ,83433,80,South
DO,88191,86,North
PJ,44073,99,North
OL,22360,53,North
KD,43591,54,North
PM,57593,74,South
PD,80214,61,North
FO,5899,97,North
KH,6238,84,North
LQ,67289,78,West
IK,29563,45,North
AO,72257,87,North
FK,94733,55,West
EP,62471,32,North
JH,26861,65,West
MI,77646,64,South
MK,17592,47,West
GO,23862,69,South
PE,85110,54,North
PJ,74417,13,North
AF,34991,63,North
LQ,78357,19,South
HG,74365,84,North
FG,3218,39,West
DB,95983,98,South
MJ,94455,85,South
EP,38851,81,South
JP,77374,46,North
PM,77077,27,South
BN,49095,34,North
HF,61686,59,South
LO,6710,21,North
BN,8473,66,South
DG,80392,46,West
EO,89437,86,West
LM,23920,32,West
OQ,89492,55,South
CB,76162,94,South
BB,34090,39,West
QI,21902,82,North
KI,184,19,West
EP,58126,44,South
AN,53758,10,North
LP,48471,60,North
HI,91405,87,West
QD,51509,29,South
QK,26637,73,North
HE,70693,84,West
AN,34870,73,South
FG,82722,84,North
DM,82622,84,South
PH,6098,91,North
FN,16816,12,South
JK,53231,89,West
DD,29509,53,North
IG,32314,75,South
BI,16872,26,West
HG,95981,91,West
GF,12380,58,South
FD,66246,30,North
MG,30928,33,West
IG,46671,87,West
QJ,23062,89,North
AL,27010,42,North
EH,6758,24,North
GE,80404,97,North
BO,49999,15,West
QL,53422,20,West
LQ,27706,81,West
DN,85643,36,West
DE,30173,36,North
CM,43506,67,South
LI,57981,44,North
QI,53475,44,North
DK,48093,60,West
